Name;CategoryDSK;Agriculture;iLUC;FoodProcessing;Packaging;Transport;Retail;CO2;CategoryGPC
Water, tap, drinking, average values;Beverages;0,00;0,00;0,00;0,00;0,00;0,00;0,00;Beverages
Melon, honeydew, raw;Fruits;0,10;0,02;0,00;0,00;0,58;0,01;0,71;Fruits - unprepared/unprocessed (fresh)
Lentils, sprouted, raw;Vegetables;0,85;0,32;0,00;0,14;0,39;0,01;1,70;Vegetables
Pepper, sweet, red, raw;Vegetables;0,25;0,03;0,00;0,14;0,58;0,01;1,02;Vegetables
Tomato, ripe, raw, origin unknown;Vegetables;0,07;0,01;0,00;0,14;0,48;0,01;0,70;Vegetables
Squash, raw;Vegetables;0,14;0,04;0,00;0,06;0,58;0,01;0,83;Vegetables
Aubergine, raw;Vegetables;0,16;0,02;0,00;0,14;0,65;0,01;0,97;Vegetables
Tomato, dried;Vegetables;0,91;0,09;0,00;0,26;0,68;0,01;1,95;Vegetables
Pumpkin, raw;Vegetables;0,14;0,04;0,00;0,06;0,58;0,01;0,83;Vegetables
Cucumber, raw;Vegetables;0,05;0,01;0,00;0,14;0,35;0,01;0,56;Vegetables
Gherkin cucumber, raw;Vegetables;0,05;0,01;0,00;0,14;0,35;0,01;0,56;Vegetables
Pepper, hot chili, raw;Vegetables;0,25;0,03;0,00;0,14;0,58;0,01;1,02;Vegetables
Beef, topside, cap off, raw;Meat/poultry;39,65;7,68;-2,41;0,14;0,63;0,00;45,69;Meat/poultry/other animals
Beef, fillet, defatted, raw;Meat/poultry;133,45;25,85;-8,11;0,14;0,63;0,00;151,95;Meat/poultry/other animals
Beef, mince, 10-15% fat, raw;Meat/poultry;28,58;5,46;-1,78;0,14;0,12;0,00;32,51;Meat/poultry/other animals
Beef, rump, raw;Meat/poultry;39,65;7,68;-2,41;0,14;0,63;0,00;45,69;Meat/poultry/other animals
Beef, mince, 15-20% fat, raw;Meat/poultry;26,90;5,16;-1,47;0,14;0,12;0,00;30,84;Meat/poultry/other animals
Beef, T-bone steak, raw;Meat/poultry;70,72;13,70;-4,30;0,14;0,63;0,00;80,89;Meat/poultry/other animals
Beef, mince, 5-10% fat, raw;Meat/poultry;30,26;5,75;-2,09;0,14;0,12;0,00;34,19;Meat/poultry/other animals
Beer, lager, alc. 4.4 % by vol.;Beverages;0,07;0,05;0,24;0,16;0,07;0,01;0,60;Beverages
Beer, Danish household, low alcohol;Beverages;0,07;0,05;0,24;0,16;0,07;0,01;0,60;Beverages
Beer, strong, alc. 7.6 % by vol.;Beverages;0,07;0,05;0,24;0,16;0,07;0,01;0,60;Beverages
Biscuit, sweet;Bread/bakery products;0,59;0,12;1,22;0,67;0,14;0,01;2,75;Bread/bakery products
Biscuit, wholemeal, digestive type;Bread/bakery products;0,54;0,14;1,23;0,67;0,14;0,01;2,73;Bread/bakery products
Butter cookie, wheat, Danish, industrially produced;Bread/bakery products;0,63;0,14;1,42;0,67;0,11;0,01;2,98;Bread/bakery products
American inspired cookie;Bread/bakery products;0,54;0,14;1,23;0,67;0,14;0,01;2,73;Bread/bakery products
Granola bar;Bread/bakery products;1,20;0,43;0,45;0,67;0,13;0,01;2,88;Bread/bakery products
Wafer sticks;Bread/bakery products;1,38;0,11;0,21;0,22;0,16;0,01;2,10;Bread/bakery products
Bread-crumbs;Bread/bakery products;0,58;0,07;0,42;0,04;0,14;0,01;1,26;Bread/bakery products
Crispbread, knackebrot, rye, coarse;Bread/bakery products;0,41;0,05;0,42;0,04;0,14;0,01;1,08;Bread/bakery products
Wheat bread, for toasting, industrially produced;Bread/bakery products;0,38;0,04;0,16;0,04;0,10;0,01;0,74;Bread/bakery products
Bread, white, for sausages;Bread/bakery products;0,38;0,04;0,16;0,04;0,10;0,01;0,74;Bread/bakery products
Bread, white, roll, coarse grain;Bread/bakery products;0,38;0,04;0,16;0,04;0,10;0,01;0,74;Bread/bakery products
Rye bread, dark, whole grains, industrially produced;Bread/bakery products;0,27;0,03;0,17;0,04;0,09;0,01;0,62;Bread/bakery products
Rye bread crumbs with brown sugar, average values;Bread/bakery products;0,83;-0,01;0,55;0,04;0,14;0,01;1,56;Bread/bakery products
Corn flakes, average values;Cereal/grain/pulse products;0,43;0,02;0,37;0,58;0,11;0,01;1,51;Cereal/grain/pulse products
Breakfast cereal, müsli, average values;Cereal/grain/pulse products;0,54;0,14;0,38;0,58;0,11;0,01;1,76;Cereal/grain/pulse products
Breakfast cereal, Guldkorn;Cereal/grain/pulse products;0,75;0,05;0,61;0,58;0,11;0,01;2,12;Cereal/grain/pulse products
Breakfast cereal, Havrefras;Cereal/grain/pulse products;0,44;0,12;0,43;0,58;0,11;0,01;1,70;Cereal/grain/pulse products
Butter, salt added;Milk/eggs/substitute products;0,12;0,34;3,16;0,24;0,07;0,00;3,92;Milk/butter/cream/yougurts/cheese/eggs/substitutes
Blended spread, 75% fat;Milk/eggs/substitute products;0,05;0,35;3,08;0,24;0,08;0,00;3,80;Milk/butter/cream/yougurts/cheese/eggs/substitutes
Plain cake, chocolate cake;Bread/bakery products;0,57;0,12;0,92;0,41;0,13;0,00;2,15;Bread/bakery products
Danish pastry, kanelsnegl;Bread/bakery products;0,47;0,10;1,04;0,04;0,11;0,01;1,77;Bread/bakery products
Plain cake, average values;Bread/bakery products;0,57;0,12;0,92;0,41;0,13;0,00;2,15;Bread/bakery products
Cream pastry, layer cake;Bread/bakery products;0,57;0,12;0,92;0,41;0,13;0,00;2,15;Bread/bakery products
Cookie, truffle product / unbaked, industrially produced;Bread/bakery products;0,70;0,38;0,96;0,47;0,11;0,01;2,63;Bread/bakery products
Bacon, frying, raw;Meat/poultry;3,89;0,68;-0,30;0,14;0,39;0,00;4,80;Meat/poultry/other animals
Sausage, salami;Meat/poultry;2,68;0,60;1,60;0,02;0,15;0,01;5,06;Meat/poultry/other animals
Pork, ham, boiled, sliced;Meat/poultry;2,50;0,43;0,32;0,02;0,10;0,00;3,38;Meat/poultry/other animals
Roastbeef, sliced;Meat/poultry;39,65;7,68;-1,62;0,02;0,11;0,00;45,84;Meat/poultry/other animals
Pork, sausage, Danish, raw;Meat/poultry;1,57;0,27;0,13;0,14;0,10;0,00;2,21;Meat/poultry/other animals
Pork, liver paste, Danish;Meat/poultry;1,68;0,31;0,22;1,18;0,13;0,00;3,51;Meat/poultry/other animals
Pork, flank, spiced, cooked;Meat/poultry;2,50;0,43;0,32;0,02;0,10;0,00;3,38;Meat/poultry/other animals
Pork sausage, Thüringer bratwurst;Meat/poultry;1,14;0,20;0,37;0,02;0,09;0,00;1,81;Meat/poultry/other animals
Chicken, breast, boiled, sliced;Meat/poultry;2,33;0,62;0,17;0,02;0,10;0,00;3,25;Meat/poultry/other animals
Chicken, leg, flesh and skin, raw;Meat/poultry;0,93;0,25;-0,03;0,14;0,10;0,00;1,39;Meat/poultry/other animals
Chicken, drumstick, flesh and skin, raw;Meat/poultry;0,88;0,24;-0,03;0,14;0,10;0,00;1,32;Meat/poultry/other animals
Chicken, breast, flesh and skin, raw;Meat/poultry;2,59;0,69;-0,09;0,14;0,11;0,00;3,44;Meat/poultry/other animals
Chicken, sausage;Meat/poultry;0,83;0,21;0,28;0,02;0,09;0,00;1,44;Meat/poultry/other animals
Chicken, hen, flesh and skin, raw;Meat/poultry;1,60;0,43;-0,06;0,14;0,11;0,00;2,22;Meat/poultry/other animals
Tea, leaves;Beverages;2,50;1,61;1,87;1,94;0,47;0,01;8,41;Beverages
Coffee, instant, powder;Beverages;2,35;1,54;2,43;3,21;0,58;0,01;10,11;Beverages
Coffee bean, roasted, ground;Beverages;1,30;0,84;0,21;0,24;0,58;0,01;3,18;Beverages
Cocoa, instant, without milk, powder;Beverages;2,75;2,84;-5,52;4,32;0,58;0,01;4,98;Beverages
Cocoa, powder;Beverages;2,75;2,84;-5,52;4,32;0,58;0,01;4,98;Beverages
Lamb, flank, spiced, cooked;Meat/poultry;22,72;5,89;-3,99;0,02;0,10;0,00;24,75;Meat/poultry/other animals
Sausage, beef salami;Meat/poultry;28,01;5,56;0,38;0,02;0,14;0,01;34,11;Meat/poultry/other animals
Pork, saddle, smoked, boiled;Meat/poultry;2,50;0,43;0,32;0,02;0,10;0,00;3,38;Meat/poultry/other animals
Salad dressing, oil and vinegar;Seasonings/preservatives/extracts;0,10;0,30;3,07;0,42;0,11;0,01;4,02;Seasonings/preservatives/extracts
Salad dressing, thousand island;Seasonings/preservatives/extracts;0,16;0,52;3,63;0,42;0,12;0,01;4,86;Seasonings/preservatives/extracts
Duck, flesh only, raw;Meat/poultry;1,60;0,43;0,00;0,14;0,11;0,00;2,27;Meat/poultry/other animals
Goose, flesh only, raw;Meat/poultry;1,60;0,43;0,00;0,14;0,11;0,00;2,27;Meat/poultry/other animals
Mackerel mayonnaise salad;Seasonings/preservatives/extracts;0,13;0,40;3,31;0,24;0,10;0,00;4,18;Seasonings/preservatives/extracts
Sauce gravad lax;Seasonings/preservatives/extracts;0,27;0,18;0,85;0,64;0,10;0,00;2,03;Seasonings/preservatives/extracts
Italian mayonnaise salad;Seasonings/preservatives/extracts;0,11;0,37;2,36;0,64;0,06;0,01;3,55;Seasonings/preservatives/extracts
Curry mayonnaise salad;Seasonings/preservatives/extracts;0,11;0,37;2,36;0,64;0,06;0,01;3,55;Seasonings/preservatives/extracts
Yogurt plain, whole milk;Milk/eggs/substitute products;0,48;0,07;0,17;0,26;0,11;0,00;1,08;Milk/butter/cream/yougurts/cheese/eggs/substitutes
Cream, cultured, 18 % fat;Milk/eggs/substitute products;0,36;0,15;1,14;0,26;0,11;0,00;2,02;Milk/butter/cream/yougurts/cheese/eggs/substitutes
Skyr, 0.2 % fat;Milk/eggs/substitute products;1,03;0,06;-0,26;0,26;0,16;0,00;1,25;Milk/butter/cream/yougurts/cheese/eggs/substitutes
Cheese, firm, Danbo, 45 % fidm.;Milk/eggs/substitute products;4,46;0,46;2,33;0,35;0,12;0,00;7,72;Milk/butter/cream/yougurts/cheese/eggs/substitutes
Cheese, hard, Parmesan, 32 % fidm.;Milk/eggs/substitute products;4,46;0,46;2,33;0,35;0,12;0,00;7,72;Milk/butter/cream/yougurts/cheese/eggs/substitutes
Cheese, semihard, Mozzarella, 30 % fidm.;Milk/eggs/substitute products;4,46;0,46;2,33;0,35;0,12;0,00;7,72;Milk/butter/cream/yougurts/cheese/eggs/substitutes
Herring, pickled, canned;Seafood;0,11;0,22;1,76;0,64;0,10;0,00;2,83;Seafood
Fish balls, canned;Seafood;0,07;0,56;4,38;0,63;0,09;0,01;5,74;Seafood
Fish pudding, raw;Seafood;0,10;0,86;6,29;0,64;0,11;0,00;8,00;Seafood
Cod, liver, canned;Seafood;0,00;1,41;8,64;6,55;0,11;0,01;16,72;Seafood
Cod, roe, canned;Seafood;0,00;1,04;8,64;1,56;0,11;0,01;11,36;Seafood
Shrimps, canned;Seafood;0,00;1,94;8,27;1,56;0,11;0,01;11,89;Seafood
Cod, fillet, breaded, raw;Seafood;0,18;0,66;5,42;0,26;0,11;0,00;6,63;Seafood
Caviar, Danish (roe, lump-sucker);Seafood;0,00;1,05;8,69;1,47;0,11;0,01;11,33;Seafood
Fish cake, fried;Seafood;0,13;1,13;8,24;0,64;0,13;0,00;10,28;Seafood
Cod, liver, smoked;Seafood;0,00;1,29;10,91;0,14;0,19;0,00;12,54;Seafood
Cod, liver, raw;Seafood;0,00;1,03;8,64;0,14;0,11;0,00;9,92;Seafood
Lobster, canned;Seafood;0,00;1,73;6,36;1,56;0,19;0,01;9,85;Seafood
Mussels, in water, canned;Seafood;0,00;0,01;0,08;1,56;0,11;0,01;1,77;Seafood
Tuna, in tomato sauce, canned;Seafood;0,15;0,72;6,98;1,18;0,11;0,01;9,15;Seafood
Cod, roe, raw;Seafood;0,00;1,05;8,64;1,47;0,11;0,00;11,27;Seafood
Crab claws, meat, raw;Seafood;0,00;1,88;12,53;0,08;0,19;0,00;14,68;Seafood
Caviar, made from capelin roe;Seafood;0,00;1,05;8,69;1,47;0,11;0,00;11,32;Seafood
Tuna, in water, canned;Seafood;0,23;0,59;3,43;1,18;0,16;0,01;5,60;Seafood
Halibut, greenland, smoked;Seafood;0,00;1,38;9,88;0,14;0,19;0,00;11,59;Seafood
Fish fillet, breaded, deepfried;Seafood;0,21;0,75;6,18;0,26;0,12;0,00;7,51;Seafood
Fish fingers, breaded, frozen;Seafood;0,18;0,69;5,35;0,24;0,11;0,03;6,59;Seafood
Rye flour, dark, whole meal;Cereal/grain/pulse products;0,30;0,11;0,03;0,20;0,11;0,01;0,77;Cereal/grain/pulse products
Wheat, flour, wholemeal;Cereal/grain/pulse products;0,38;0,09;0,03;0,20;0,12;0,01;0,84;Cereal/grain/pulse products
Rye kernels, whole/cracked;Cereal/grain/pulse products;0,30;0,11;0,03;0,20;0,11;0,01;0,77;Cereal/grain/pulse products
Wheat, kernels, whole/cracked;Cereal/grain/pulse products;0,38;0,09;0,03;0,20;0,12;0,01;0,84;Cereal/grain/pulse products
Rice flour;Cereal/grain/pulse products;0,36;0,17;0,00;0,20;0,40;0,01;1,14;Cereal/grain/pulse products
Corn flour;Cereal/grain/pulse products;0,36;-0,02;-0,03;0,20;0,11;0,01;0,63;Cereal/grain/pulse products
Eggs, chicken, free-range hens (indoor), raw;Milk/eggs/substitute products;0,41;0,14;0,00;0,24;0,05;0,01;0,85;Milk/butter/cream/yougurts/cheese/eggs/substitutes
Burbot, raw;Seafood;0,34;1,52;10,33;0,14;0,20;0,00;12,54;Seafood
Perch, raw;Seafood;0,19;0,82;12,54;0,14;0,15;0,00;13,84;Seafood
Pikeperch, raw;Seafood;0,11;0,86;6,05;0,14;0,15;0,00;7,32;Seafood
Pike, raw;Seafood;0,11;0,86;7,02;0,14;0,15;0,00;8,28;Seafood
Bream, raw;Seafood;0,69;1,24;14,51;0,14;0,21;0,00;16,78;Seafood
Charr, raw;Seafood;0,34;1,55;10,12;0,14;0,16;0,00;12,31;Seafood
Trout, raw;Seafood;0,00;1,19;1,22;0,14;0,16;0,00;2,72;Seafood
Whitefish, raw;Seafood;0,34;1,52;10,33;0,14;0,20;0,00;12,54;Seafood
Fruit juice, mixed, sweetened, concentrated;Beverages;0,80;-0,01;0,28;0,31;1,19;0,01;2,58;Beverages
Elderberry, juice, concentrated, sugar added;Beverages;1,17;0,26;0,28;0,31;0,38;0,01;2,40;Beverages
Olives, green, pickled, canned;Seasonings/preservatives/extracts;0,53;0,13;0,22;0,51;0,29;0,01;1,69;Seasonings/preservatives/extracts
Pear, canned;Fruit/vegetable products;0,24;0,04;0,20;0,22;0,11;0,01;0,83;Fruits/vegetables/nuts/seeds prepared/processed
Nut paste with cacao, spreads;Candy/sugar products;1,68;0,44;1,32;0,42;0,10;0,01;3,97;Confectionery/sugar sweetening products
Orange juice, canned;Beverages;0,22;0,03;0,09;0,31;0,67;0,01;1,32;Beverages
Pineapple, canned;Fruit/vegetable products;0,17;0,02;0,22;0,22;0,66;0,01;1,30;Fruits/vegetables/nuts/seeds prepared/processed
Strawberry jam;Fruit/vegetable products;0,83;-0,03;0,50;0,32;0,17;0,01;1,80;Fruits/vegetables/nuts/seeds prepared/processed
Raisins, seedless;Fruit/vegetable products;1,14;0,22;0,41;0,26;0,60;0,01;2,63;Fruits/vegetables/nuts/seeds prepared/processed
Raspberry marmalade;Fruit/vegetable products;0,83;-0,03;0,50;0,32;0,17;0,01;1,80;Fruits/vegetables/nuts/seeds prepared/processed
Hare, raw;Meat/poultry;1,60;0,43;0,00;0,14;0,11;0,00;2,27;Meat/poultry/other animals
Rabbit, flesh only, raw;Meat/poultry;1,60;0,43;0,00;0,14;0,11;0,00;2,27;Meat/poultry/other animals
Pheasant, flesh and skin, raw;Meat/poultry;1,60;0,43;0,00;0,14;0,11;0,00;2,27;Meat/poultry/other animals
Squab (pigeon), raw;Meat/poultry;1,60;0,43;0,00;0,14;0,11;0,00;2,27;Meat/poultry/other animals
Barley groats, raw;Cereal/grain/pulse products;0,50;0,03;-0,03;0,20;0,11;0,01;0,83;Cereal/grain/pulse products
Oats, rolled, not enriched;Cereal/grain/pulse products;0,58;0,05;-0,03;0,20;0,13;0,01;0,95;Cereal/grain/pulse products
Rice groats, raw;Cereal/grain/pulse products;0,36;0,17;-0,03;0,20;0,40;0,01;1,11;Cereal/grain/pulse products
Parsley, raw;Vegetables;0,13;0,03;0,00;0,14;0,05;0,01;0,37;Vegetables
Dill, raw;Vegetables;0,13;0,03;0,00;0,14;0,05;0,01;0,37;Vegetables
Garlic, raw;Vegetables;0,51;0,05;0,00;0,06;0,69;0,01;1,33;Vegetables
Chives, raw;Vegetables;0,16;0,04;0,00;0,06;0,05;0,01;0,32;Vegetables
Cress, garden, raw;Vegetables;0,13;0,03;0,00;0,14;0,05;0,01;0,37;Vegetables
Olives, black, without stones, in brine;Seasonings/preservatives/extracts;0,53;0,13;0,22;0,51;0,29;0,01;1,69;Seasonings/preservatives/extracts
Hazelnut, dried;Fruit/vegetable products;2,93;1,03;0,00;0,26;0,11;0,01;4,35;Fruits/vegetables/nuts/seeds prepared/processed
Sunflower seeds, decorticated, dried;Fruit/vegetable products;0,54;0,42;0,00;0,26;0,54;0,01;1,77;Fruits/vegetables/nuts/seeds prepared/processed
Sesame seeds, decorticated;Fruit/vegetable products;1,57;1,11;0,07;0,26;0,61;0,01;3,62;Fruits/vegetables/nuts/seeds prepared/processed
Walnuts, dried;Fruit/vegetable products;1,79;0,55;0,00;0,26;0,54;0,01;3,15;Fruits/vegetables/nuts/seeds prepared/processed
Cashew nuts, dry roasted;Fruit/vegetable products;2,20;2,61;-1,60;0,26;0,54;0,01;4,01;Fruits/vegetables/nuts/seeds prepared/processed
Pumpkin seeds, dried;Fruit/vegetable products;1,79;0,55;0,49;0,26;0,11;0,01;3,20;Fruits/vegetables/nuts/seeds prepared/processed
Honey;Prepared/preserved foods;0,14;0,01;0,15;0,41;0,06;0,01;0,77;Prepared/preserved foods
Ice cream, dairy, (wholemilk based);Prepared/preserved foods;0,77;0,20;1,23;0,51;0,11;0,03;2,84;Prepared/preserved foods
Ice cream, dairy (cream based);Prepared/preserved foods;0,77;0,20;1,23;0,51;0,11;0,03;2,84;Prepared/preserved foods
Ice, popsickle, lemonade;Prepared/preserved foods;0,26;0,01;0,28;0,51;0,07;0,03;1,15;Prepared/preserved foods
Vinegar;Seasonings/preservatives/extracts;0,31;0,07;1,02;0,41;0,11;0,01;1,93;Seasonings/preservatives/extracts
Salt, table;Seasonings/preservatives/extracts;0,00;0,02;0,21;0,20;0,00;0,01;0,44;Seasonings/preservatives/extracts
Rhubarb, raw;Vegetables;0,13;0,03;0,00;0,06;0,05;0,01;0,30;Vegetables
Celery, raw;Vegetables;0,13;0,03;0,00;0,06;0,05;0,01;0,30;Vegetables
Cauliflower, all varieties, raw;Vegetables;0,15;0,04;0,00;0,06;0,44;0,01;0,71;Vegetables
Broccoli, raw;Vegetables;0,15;0,04;0,00;0,06;0,44;0,01;0,71;Vegetables
Kale, raw;Vegetables;0,10;0,02;0,00;0,06;0,05;0,01;0,25;Vegetables
Cabbage, white, raw;Vegetables;0,10;0,02;0,00;0,06;0,05;0,01;0,25;Vegetables
Brussels sprouts, raw;Vegetables;0,10;0,02;0,00;0,06;0,05;0,01;0,25;Vegetables
Cabbage, red, raw;Vegetables;0,10;0,02;0,00;0,06;0,05;0,01;0,25;Vegetables
Cabbage, spring, raw;Vegetables;0,10;0,02;0,00;0,06;0,05;0,01;0,25;Vegetables
Spinach, raw;Vegetables;0,12;0,03;0,00;0,06;0,29;0,01;0,52;Vegetables
Artichoke, raw;Vegetables;0,27;0,05;0,00;0,06;0,59;0,01;0,98;Vegetables
Asparagus, green, raw;Vegetables;0,27;0,10;0,00;0,06;0,43;0,01;0,88;Vegetables
Lettuce, iceberg (incl. crisphead types), raw;Vegetables;0,08;0,02;0,00;0,06;0,41;0,01;0,59;Vegetables
Lettuce, looseleaf, raw;Vegetables;0,08;0,02;0,00;0,06;0,41;0,01;0,59;Vegetables
Cabbage, Chinese, pak-choi, raw;Vegetables;0,10;0,02;0,00;0,06;0,05;0,01;0,25;Vegetables
Cabbage, savoy, raw;Vegetables;0,10;0,02;0,00;0,06;0,05;0,01;0,25;Vegetables
Cauliflower, frozen;Fruit/vegetable products;0,18;0,05;0,02;0,06;0,50;0,03;0,84;Fruits/vegetables/nuts/seeds prepared/processed
Leek, raw;Vegetables;0,16;0,04;0,00;0,06;0,05;0,01;0,32;Vegetables
Spinach, chopped, frozen;Fruit/vegetable products;0,15;0,04;0,02;0,06;0,35;0,03;0,64;Fruits/vegetables/nuts/seeds prepared/processed
Broccoli, frozen;Fruit/vegetable products;0,18;0,05;0,02;0,06;0,50;0,03;0,84;Fruits/vegetables/nuts/seeds prepared/processed
Beans, wax, raw;Vegetables;0,20;0,04;0,00;0,14;0,65;0,01;1,04;Vegetables
Peas, green, raw;Vegetables;0,36;0,12;0,00;0,06;0,11;0,01;0,67;Vegetables
Green lentils, dried;Cereal/grain/pulse products;0,85;0,33;0,00;0,20;0,39;0,01;1,78;Cereal/grain/pulse products
Peas, chick/garbanzo, dry, raw;Cereal/grain/pulse products;0,93;0,52;0,00;0,20;0,58;0,01;2,23;Cereal/grain/pulse products
Beans, green, raw;Vegetables;0,20;0,04;0,00;0,14;0,65;0,01;1,04;Vegetables
Bean sprouts, mung, raw;Fruit/vegetable products;0,20;0,04;0,00;0,14;0,65;0,01;1,04;Fruits/vegetables/nuts/seeds prepared/processed
Bean sprouts, average values, raw;Fruit/vegetable products;0,20;0,04;0,00;0,14;0,65;0,01;1,04;Fruits/vegetables/nuts/seeds prepared/processed
Sugar pea (Snow pea, Mangetout) raw;Vegetables;0,36;0,12;0,00;0,14;0,11;0,01;0,74;Vegetables
Beans, soy, dried, raw;Cereal/grain/pulse products;0,32;0,27;0,00;0,20;0,36;0,01;1,16;Cereal/grain/pulse products
Peas, green, frozen;Vegetables;0,45;0,15;0,02;0,06;0,17;0,03;0,87;Vegetables
Water, bottled, carbonated;Beverages;0,00;0,00;0,02;0,13;0,05;0,01;0,22;Beverages
Soft drink, sugar added;Beverages;0,14;0,00;0,15;0,19;0,06;0,01;0,55;Beverages
Apple juice, canned or bottled;Beverages;0,32;0,02;0,61;0,31;0,37;0,01;1,64;Beverages
Sherry, dry;Beverages;0,49;0,03;2,58;0,37;0,79;0,01;4,27;Beverages
Liqueur, coffee with cream;Beverages;0,71;0,10;1,63;0,37;0,57;0,01;3,39;Beverages
Margarine, 70 % fat, table use, soft, vegetable fat;Milk/eggs/substitute products;0,00;0,32;2,31;0,24;0,05;0,00;2,93;Milk/butter/cream/yougurts/cheese/eggs/substitutes
Garfish, raw;Seafood;0,00;1,05;8,31;0,14;0,20;0,00;9,70;Seafood
Salmon, Atlantic, wild, raw;Seafood;0,00;1,10;8,06;0,14;0,16;0,00;9,46;Seafood
Mackerel, raw;Seafood;0,00;1,11;7,71;0,14;0,16;0,00;9,12;Seafood
Plaice, raw;Seafood;0,00;1,03;8,48;0,14;0,22;0,00;9,87;Seafood
Herring, raw;Seafood;0,00;1,09;7,94;0,14;0,17;0,00;9,34;Seafood
Saithe, raw;Seafood;0,00;1,03;8,48;0,14;0,22;0,00;9,87;Seafood
Cod, fillet, raw;Seafood;0,00;1,03;8,48;0,14;0,22;0,00;9,87;Seafood
Plaice, fillet, breaded, dybfrost;Seafood;0,18;0,66;5,42;0,26;0,11;0,03;6,66;Seafood
Saithe (UK), pollock (US), fillet, frozen;Seafood;0,00;1,04;8,36;0,14;0,21;0,03;9,78;Seafood
Tuna, raw;Seafood;0,00;1,00;8,75;0,14;0,24;0,00;10,14;Seafood
Salmon, Atlantic, aquaculture, cold smoked;Seafood;0,00;1,38;9,88;0,14;0,49;0,00;11,89;Seafood
Salmon, atlantic, aquaculture, hot smoked;Seafood;0,00;1,38;10,19;0,14;0,49;0,00;12,20;Seafood
Salmon, atlantic, aquaculture, raw;Seafood;0,00;1,10;7,71;0,14;0,16;0,00;9,11;Seafood
Mayonnaise, low fat;Seasonings/preservatives/extracts;0,10;0,03;0,38;0,64;0,06;0,01;1,22;Seasonings/preservatives/extracts
Mayonnaise;Seasonings/preservatives/extracts;0,11;0,37;2,36;0,64;0,06;0,01;3,55;Seasonings/preservatives/extracts
Remoulade, average values;Seasonings/preservatives/extracts;0,22;0,16;0,87;0,42;0,20;0,01;1,88;Seasonings/preservatives/extracts
Oyster, raw;Seafood;0,00;0,01;0,45;0,08;0,60;0,00;1,13;Seafood
Mussel, raw;Seafood;0,00;0,00;0,08;0,08;0,05;0,00;0,22;Seafood
Octopus, raw;Seafood;0,00;0,01;0,08;0,26;0,11;0,00;0,46;Seafood
Mushroom, raw;Vegetables;0,01;0,01;0,00;0,26;0,19;0,00;0,47;Vegetables
Oyster mushroom;Vegetables;0,01;0,01;0,00;0,26;0,19;0,00;0,47;Vegetables
Almondmilk, unfortified;Milk/eggs/substitute products;2,74;0,54;0,06;0,08;0,08;0,01;3,52;Milk/butter/cream/yougurts/cheese/eggs/substitutes
Ricemilk, with added calcium;Milk/eggs/substitute products;0,09;-0,02;0,03;0,08;0,20;0,01;0,39;Milk/butter/cream/yougurts/cheese/eggs/substitutes
Oatmilk, with added calcium;Milk/eggs/substitute products;0,04;0,02;0,14;0,08;0,06;0,01;0,37;Milk/butter/cream/yougurts/cheese/eggs/substitutes
Soymilk, with added calcium;Milk/eggs/substitute products;0,05;0,03;0,10;0,08;0,11;0,01;0,38;Milk/butter/cream/yougurts/cheese/eggs/substitutes
Bouillon, chicken, prepared;Seasonings/preservatives/extracts;0,01;0,01;0,16;0,13;0,06;0,01;0,38;Seasonings/preservatives/extracts
Meat balls, canned;Prepared/preserved foods;9,07;1,74;-0,16;0,63;0,12;0,01;11,42;Prepared/preserved foods
Bouillon, beef, prepared;Seasonings/preservatives/extracts;0,12;0,04;0,16;0,13;0,06;0,01;0,52;Seasonings/preservatives/extracts
Meat balls, average values;Meat/poultry;9,07;1,74;-0,16;0,63;0,12;0,01;11,42;Meat/poultry/other animals
Dumplings, average values;Prepared/preserved foods;0,24;0,08;0,60;0,26;0,09;0,00;1,27;Prepared/preserved foods
Meat balls, frozen;Prepared/preserved foods;9,07;1,74;-0,14;0,26;0,12;0,03;11,08;Prepared/preserved foods
Soup, tomato, ready to eat;Prepared/preserved foods;0,63;0,05;0,82;0,22;0,11;0,01;1,84;Prepared/preserved foods
Bouillon, beef, concentrated, cube;Seasonings/preservatives/extracts;4,98;0,99;0,81;0,41;0,07;0,01;7,26;Seasonings/preservatives/extracts
Dumplings, frozen;Prepared/preserved foods;0,24;0,08;0,62;0,26;0,09;0,03;1,31;Prepared/preserved foods
Chicken, grilled, fast food;Prepared/preserved foods;1,76;0,49;0,07;1,18;0,12;0,00;3,61;Prepared/preserved foods
Chicken nuggets, deepfried, ready meals;Prepared/preserved foods;1,67;0,43;0,74;0,26;0,11;0,03;3,24;Prepared/preserved foods
Pizza with tomato and cheese, ready meals;Bread/bakery products;0,98;0,20;1,48;0,21;0,10;0,00;2,96;Bread/bakery products
Pizza with seafood, tomato and cheese, ready meals;Bread/bakery products;0,71;0,47;2,27;0,21;0,13;0,00;3,79;Bread/bakery products
Pizza with salami, tomato and cheese, ready meals;Bread/bakery products;1,03;0,25;1,56;0,21;0,10;0,00;3,15;Bread/bakery products
Pizza with vegetables, fruit, tomato and cheese, ready meals;Bread/bakery products;0,52;0,16;1,48;0,21;0,19;0,00;2,56;Bread/bakery products
Pizza with meat, tomato and cheese, ready meals;Bread/bakery products;1,91;0,46;1,18;0,21;0,14;0,00;3,91;Bread/bakery products
Pizza with meat and seafood, tomato and cheese, ready meals;Bread/bakery products;1,31;0,46;1,73;0,21;0,14;0,00;3,85;Bread/bakery products
Veal and pork, mince, 15-20% fat, raw;Meat/poultry;12,88;2,47;-0,35;0,14;0,11;0,00;15,26;Meat/poultry/other animals
Goat milk;Milk/eggs/substitute products;3,18;0,56;0,06;0,08;0,51;0,00;4,40;Milk/butter/cream/yougurts/cheese/eggs/substitutes
Marzipan;Candy/sugar products;4,08;0,78;0,60;0,67;0,11;0,01;6,25;Confectionery/sugar sweetening products
Syrup, kitchen;Candy/sugar products;0,32;0,03;0,04;0,42;0,11;0,01;0,93;Confectionery/sugar sweetening products
Pasta, raw;Prepared/preserved foods;0,52;0,04;0,25;0,23;0,68;0,01;1,73;Prepared/preserved foods
Apple, raw, all varieties;Fruit/vegetable products;0,18;0,02;0,00;0,14;0,31;0,01;0,66;Fruits/vegetables/nuts/seeds prepared/processed
Pear, raw;Fruit/vegetable products;0,15;0,03;0,00;0,14;0,05;0,01;0,38;Fruits/vegetables/nuts/seeds prepared/processed
Grape, raw;Fruit/vegetable products;0,22;0,05;0,00;0,14;0,52;0,01;0,94;Fruits/vegetables/nuts/seeds prepared/processed
Pork, collar with rind, raw;Meat/poultry;2,78;0,48;-0,22;0,14;0,39;0,00;3,58;Meat/poultry/other animals
Pork, ham, topside (M. Semimembranosus), lean, raw;Meat/poultry;2,78;0,48;-0,22;0,14;0,39;0,00;3,58;Meat/poultry/other animals
Pork, loin, lean, raw;Meat/poultry;3,33;0,58;-0,26;0,14;0,39;0,00;4,19;Meat/poultry/other animals
Pork, tenderloin, trimmed, raw;Meat/poultry;4,45;0,77;-0,35;0,14;0,39;0,00;5,40;Meat/poultry/other animals
Pork, mince, 5-10% fat, raw;Meat/poultry;2,50;0,39;-0,25;0,14;0,12;0,00;2,90;Meat/poultry/other animals
Pork, collar, defatted, raw;Meat/poultry;3,22;0,50;-0,41;0,14;0,12;0,00;3,57;Meat/poultry/other animals
Pork, mince, 15-20% fat, raw;Meat/poultry;2,22;0,39;-0,17;0,14;0,39;0,00;2,97;Meat/poultry/other animals
Minced meat, spaghetti sauce type, average values, ready meals;Meat/poultry;11,05;2,19;-0,25;0,64;0,10;0,00;13,74;Meat/poultry/other animals
Turtle, fake, average values, ready meals;Meat/poultry;14,90;2,94;-0,10;0,63;0,10;0,01;18,49;Meat/poultry/other animals
Spring roll, frozen, ready meals;Prepared/preserved foods;0,22;0,11;0,90;0,64;0,11;0,00;1,99;Prepared/preserved foods
Pork in curry sauce, frozen, ready meals;Meat/poultry;2,34;0,46;0,14;0,64;0,21;0,03;3,82;Meat/poultry/other animals
Pizza Romana, frozen, ready meals;Bread/bakery products;1,13;0,24;1,15;0,21;0,12;0,03;2,87;Bread/bakery products
Liver, pig, in cream sauce, frozen, ready meals;Meat/poultry;0,89;0,28;0,95;0,64;0,11;0,03;2,90;Meat/poultry/other animals
Pizza Napolitana, frozen, ready meals;Bread/bakery products;0,98;0,20;1,48;0,21;0,10;0,03;2,99;Bread/bakery products
Spring roll, deepfried, ready meals;Prepared/preserved foods;0,22;0,11;0,90;0,64;0,11;0,00;1,99;Prepared/preserved foods
Pizza with broccoli, frozen, ready meals;Bread/bakery products;0,52;0,16;1,48;0,21;0,19;0,03;2,58;Bread/bakery products
Pizza with tuna, frozen, ready meals;Bread/bakery products;0,47;0,26;2,09;0,21;0,21;0,03;3,26;Bread/bakery products
Pork, minced and bound with flour and egg, boiled, frozen, ready meals;Meat/poultry;0,92;0,19;0,19;0,64;0,11;0,03;2,08;Meat/poultry/other animals
Potato, raw;Vegetables;0,20;0,02;0,00;0,06;0,07;0,01;0,36;Vegetables
Carrot, raw;Vegetables;0,11;0,02;0,00;0,06;0,05;0,01;0,25;Vegetables
Radish, raw;Vegetables;0,13;0,03;0,00;0,14;0,05;0,01;0,37;Vegetables
Celeriac, celery root, raw;Vegetables;0,13;0,03;0,00;0,06;0,05;0,01;0,30;Vegetables
Ginger root, raw;Vegetables;0,97;0,05;0,00;0,14;0,69;0,01;1,85;Vegetables
Fennel, root, raw;Vegetables;3,30;0,95;0,00;0,14;0,05;0,01;4,46;Vegetables
Turnip, raw;Vegetables;0,11;0,02;0,00;0,06;0,05;0,01;0,25;Vegetables
Onions, chopped, frozen;Fruit/vegetable products;0,13;0,02;0,02;0,06;0,11;0,03;0,37;Fruits/vegetables/nuts/seeds prepared/processed
Carrot, frozen;Fruit/vegetable products;0,13;0,02;0,02;0,06;0,11;0,03;0,37;Fruits/vegetables/nuts/seeds prepared/processed
Onion, raw;Vegetables;0,18;0,04;0,00;0,06;0,60;0,01;0,90;Vegetables
Onions, spring, raw;Vegetables;0,18;0,04;0,00;0,06;0,60;0,01;0,90;Vegetables
Cassava, raw;Vegetables;0,11;0,05;0,00;0,06;0,51;0,01;0,74;Vegetables
Parsley root, raw;Vegetables;0,23;0,07;0,00;0,06;0,52;0,01;0,89;Vegetables
Cheese, semihard, Feta, 40 % fidm;Milk/eggs/substitute products;2,67;0,15;-0,37;0,35;0,11;0,00;2,92;Milk/butter/cream/yougurts/cheese/eggs/substitutes
Cheese, Danish Blue, 50 % fidm.;Milk/eggs/substitute products;4,46;0,46;2,33;0,35;0,12;0,00;7,72;Milk/butter/cream/yougurts/cheese/eggs/substitutes
Lamb, leg, unspecified , raw;Meat/poultry;25,35;6,58;-5,12;0,14;0,48;0,00;27,43;Meat/poultry/other animals
Lamb, meat, average values, raw;Meat/poultry;25,35;6,58;-5,12;0,14;0,48;0,00;27,43;Meat/poultry/other animals
Crayfish, raw;Seafood;0,00;0,69;1,94;0,26;0,66;0,00;3,55;Seafood
Shrimps, boiled, shell removed;Seafood;0,00;1,94;8,10;0,26;0,22;0,00;10,52;Seafood
Lobster, raw;Seafood;0,00;0,69;1,94;0,26;0,66;0,00;3,55;Seafood
Crab, boiled;Seafood;0,00;0,75;5,01;0,08;0,05;0,00;5,90;Seafood
Prawn, giant tiger, aquaculture, boiled, frozen;Seafood;0,00;1,72;10,42;0,08;0,19;0,03;12,43;Seafood
Shrimp, boiled, in brine;Seafood;0,00;1,94;8,10;0,26;0,22;0,00;10,52;Seafood
Pop corn, oil and salt added, traditional;Prepared/preserved foods;0,18;0,12;0,57;0,26;0,11;0,01;1,25;Prepared/preserved foods
Peanuts, oilroasted and salted;Fruit/vegetable products;0,47;0,41;1,24;0,26;0,11;0,01;2,50;Fruits/vegetables/nuts/seeds prepared/processed
Strawberry, raw;Fruits;0,15;0,06;0,00;0,14;0,20;0,01;0,56;Fruits - unprepared/unprocessed (fresh)
Raspberry, raw;Fruits;0,27;0,11;0,00;0,14;0,31;0,01;0,84;Fruits - unprepared/unprocessed (fresh)
Currant, black, raw;Fruits;0,25;0,08;0,00;0,14;0,05;0,01;0,53;Fruits - unprepared/unprocessed (fresh)
Blueberries, raw;Fruits;1,76;0,94;0,00;0,14;0,05;0,01;2,91;Fruits - unprepared/unprocessed (fresh)
Blackberry, raw;Fruits;0,31;0,14;0,00;0,14;0,30;0,01;0,91;Fruits - unprepared/unprocessed (fresh)
Rose hip, raw;Fruits;0,19;0,03;0,00;0,14;0,27;0,01;0,65;Fruits - unprepared/unprocessed (fresh)
Elderberry, raw;Fruits;0,31;0,14;0,00;0,14;0,30;0,01;0,91;Fruits - unprepared/unprocessed (fresh)
Currant, red, raw;Fruits;0,25;0,08;0,00;0,14;0,05;0,01;0,53;Fruits - unprepared/unprocessed (fresh)
Gooseberry, raw;Fruits;0,21;0,09;0,00;0,14;0,40;0,01;0,85;Fruits - unprepared/unprocessed (fresh)
Strawberries, frozen, unsweetened;Fruit/vegetable products;0,07;0,02;0,01;0,06;0,79;0,03;0,98;Fruits/vegetables/nuts/seeds prepared/processed
Cranberry, raw;Fruits;0,15;0,03;0,00;0,14;0,54;0,01;0,87;Fruits - unprepared/unprocessed (fresh)
Blueberry, frozen, unsweetened;Fruit/vegetable products;0,16;0,05;0,06;0,06;0,66;0,03;1,02;Fruits/vegetables/nuts/seeds prepared/processed
Raspberry, frozen;Fruit/vegetable products;0,17;0,15;0,15;0,06;0,30;0,03;0,86;Fruits/vegetables/nuts/seeds prepared/processed
Cheese, Cream, 60 % fidm.;Milk/eggs/substitute products;4,46;0,46;2,33;0,35;0,12;0,00;7,72;Milk/butter/cream/yougurts/cheese/eggs/substitutes
Cheese, Brie, 45 % fidm.;Milk/eggs/substitute products;2,67;0,15;-0,37;0,35;0,11;0,00;2,92;Milk/butter/cream/yougurts/cheese/eggs/substitutes
Cheese, cottage, 20 % fidm.;Milk/eggs/substitute products;2,67;0,15;-0,37;0,35;0,11;0,00;2,92;Milk/butter/cream/yougurts/cheese/eggs/substitutes
Bulgur, parboiled, raw;Cereal/grain/pulse products;0,58;0,08;0,16;0,20;0,12;0,01;1,15;Cereal/grain/pulse products
Sweetcorn, kernels, canned;Fruit/vegetable products;0,05;0,03;0,14;0,32;0,07;0,01;0,61;Fruits/vegetables/nuts/seeds prepared/processed
Rice, parboiled, raw;Cereal/grain/pulse products;0,35;0,16;0,16;0,20;0,40;0,01;1,28;Cereal/grain/pulse products
Quinoa, black, raw;Cereal/grain/pulse products;1,04;0,63;0,00;0,20;0,60;0,01;2,49;Cereal/grain/pulse products
Pepper, black;Seasonings/preservatives/extracts;0,77;0,27;0,00;2,72;0,54;0,01;4,30;Seasonings/preservatives/extracts
Mustard, yellow, ready made;Seasonings/preservatives/extracts;0,20;0,12;0,47;0,78;0,17;0,01;1,76;Seasonings/preservatives/extracts
Curry powder;Seasonings/preservatives/extracts;1,46;0,35;0,05;2,72;0,11;0,01;4,70;Seasonings/preservatives/extracts
BITTER, Gammel Dansk Bitter Dram;Beverages;1,10;-0,05;-0,11;0,37;0,72;0,01;2,04;Beverages
Brandy, cognac;Beverages;0,99;-0,02;4,80;0,37;2,07;0,01;8,22;Beverages
Vodka;Beverages;1,10;-0,05;-0,11;0,37;0,72;0,01;2,04;Beverages
Aquavit, 40 % vol., average values;Beverages;1,10;-0,05;-0,11;0,37;0,72;0,01;2,04;Beverages
Plum, raw;Fruits;0,27;0,10;0,00;0,14;0,05;0,01;0,58;Fruits - unprepared/unprocessed (fresh)
Cherry, raw;Fruits;0,26;0,07;0,00;0,14;0,26;0,01;0,75;Fruits - unprepared/unprocessed (fresh)
Chestnut, raw;Fruit/vegetable products;0,76;0,13;0,00;0,14;0,67;0,01;1,71;Fruits/vegetables/nuts/seeds prepared/processed
Prune, dried plum;Fruit/vegetable products;0,72;0,08;0,41;0,04;0,60;0,01;1,87;Fruits/vegetables/nuts/seeds prepared/processed
Apricot, dried;Fruit/vegetable products;0,72;0,08;0,41;0,04;0,60;0,01;1,87;Fruits/vegetables/nuts/seeds prepared/processed
Apricot, raw;Fruits;0,17;0,05;0,00;0,14;0,67;0,01;1,05;Fruits - unprepared/unprocessed (fresh)
Peach, raw;Fruits;0,11;0,03;0,00;0,14;0,67;0,01;0,96;Fruits - unprepared/unprocessed (fresh)
Nectarine, raw;Fruits;0,11;0,03;0,00;0,14;0,67;0,01;0,96;Fruits - unprepared/unprocessed (fresh)
Avocado, raw;Fruits;0,32;0,06;0,00;0,14;0,54;0,01;1,07;Fruits - unprepared/unprocessed (fresh)
Sugar, sucrose, white;Candy/sugar products;1,30;-0,09;0,47;0,20;0,11;0,01;2,00;Confectionery/sugar sweetening products
Sugar, brown;Candy/sugar products;1,18;-0,06;0,49;0,20;0,10;0,01;1,92;Confectionery/sugar sweetening products
Chocolate, milk;Candy/sugar products;1,83;0,34;2,52;0,38;0,11;0,01;5,18;Confectionery/sugar sweetening products
Nougat;Bread/bakery products;2,07;0,49;1,62;0,67;0,11;0,01;4,97;Bread/bakery products
Chewing gum, no sugar added, all types;Candy/sugar products;0,00;0,25;4,36;1,29;0,05;0,01;5,96;Confectionery/sugar sweetening products
Toffees, mixed;Candy/sugar products;0,93;0,07;1,15;0,47;0,11;0,01;2,74;Confectionery/sugar sweetening products
Chocolate, bitter;Candy/sugar products;1,25;1,28;0,11;0,49;0,59;0,01;3,74;Confectionery/sugar sweetening products
Liquorice, salt;Candy/sugar products;0,75;-0,01;0,97;0,26;0,11;0,01;2,09;Confectionery/sugar sweetening products
Fruit gums;Candy/sugar products;0,78;-0,01;0,88;0,26;0,11;0,01;2,02;Confectionery/sugar sweetening products
Banana, raw;Fruits;0,21;0,02;0,00;0,14;0,60;0,01;0,98;Fruits - unprepared/unprocessed (fresh)
Lemon, raw;Fruits;0,09;0,03;0,00;0,14;0,68;0,01;0,94;Fruits - unprepared/unprocessed (fresh)
Watermelon, raw;Fruits;0,03;0,01;0,00;0,00;0,73;0,01;0,78;Fruits - unprepared/unprocessed (fresh)
Orange, raw;Fruits;0,10;0,02;0,00;0,06;0,61;0,01;0,81;Fruits - unprepared/unprocessed (fresh)
Lime, raw;Fruits;0,09;0,03;0,00;0,06;0,68;0,01;0,87;Fruits - unprepared/unprocessed (fresh)
Pineapple, raw;Fruits;0,09;0,02;0,00;0,00;0,52;0,01;0,65;Fruits - unprepared/unprocessed (fresh)
Mango, raw;Fruits;0,18;0,06;0,00;0,14;0,54;0,01;0,93;Fruits - unprepared/unprocessed (fresh)
Grapefruit, raw;Fruits;0,09;0,02;0,00;0,14;0,59;0,01;0,86;Fruits - unprepared/unprocessed (fresh)
Tangerine, raw;Fruits;0,08;0,02;0,00;0,14;0,71;0,01;0,97;Fruits - unprepared/unprocessed (fresh)
Kiwi fruit, raw;Fruits;0,16;0,03;0,00;0,14;0,59;0,01;0,93;Fruits - unprepared/unprocessed (fresh)
Turkey, breast, boiled/smoked, sliced;Meat/poultry;2,16;0,54;0,19;0,02;0,10;0,00;3,02;Meat/poultry/other animals
Turkey, flesh only, raw;Meat/poultry;2,40;0,61;-0,11;0,14;0,14;0,00;3,18;Meat/poultry/other animals
Turkey, mince, 5-10% fat, raw;Meat/poultry;2,24;0,60;0,26;0,14;0,11;0,00;3,34;Meat/poultry/other animals
Milk, whole, 3.5 % fat;Milk/eggs/substitute products;0,48;0,06;0,06;0,08;0,11;0,00;0,79;Milk/butter/cream/yougurts/cheese/eggs/substitutes
Milk, partly skimmed, 1.5 % fat;Milk/eggs/substitute products;0,50;0,04;-0,13;0,08;0,11;0,00;0,61;Milk/butter/cream/yougurts/cheese/eggs/substitutes
Milk, skimmed, 0.5 % fat;Milk/eggs/substitute products;0,51;0,03;-0,26;0,08;0,11;0,00;0,48;Milk/butter/cream/yougurts/cheese/eggs/substitutes
Milk, skimmed, with chocolate (UHT);Milk/eggs/substitute products;0,55;0,06;-0,15;0,08;0,11;0,01;0,65;Milk/butter/cream/yougurts/cheese/eggs/substitutes
Cream, whipping, 38 % fat;Milk/eggs/substitute products;0,17;0,17;1,61;0,08;0,09;0,00;2,14;Milk/butter/cream/yougurts/cheese/eggs/substitutes
Veal, medium fat, raw;Meat/poultry;43,77;8,48;-2,66;0,14;0,63;0,00;50,36;Meat/poultry/other animals
Peanut butter;Prepared/preserved foods;0,49;0,43;1,39;0,42;0,11;0,01;2,85;Prepared/preserved foods
Sunflower oil;Oils/fats edible;1,95;0,87;0,37;0,56;0,00;0,01;3,76;Oils/fats edible
Olive oil;Oils/fats edible;1,81;0,64;0,01;0,56;0,79;0,01;3,83;Oils/fats edible
Oil, rape seed (no eruca acid);Oils/fats edible;2,46;0,47;0,33;0,56;0,00;0,01;3,84;Oils/fats edible
Onions, chopped and deepfried;Fruit/vegetable products;0,37;0,25;2,49;1,04;0,15;0,01;4,30;Fruits/vegetables/nuts/seeds prepared/processed
Potato crisps, coarse;Prepared/preserved foods;0,59;0,16;3,03;0,26;0,12;0,01;4,17;Prepared/preserved foods
Tofu, soy bean curd;Prepared/preserved foods;0,18;0,11;0,91;0,26;0,25;0,00;1,71;Prepared/preserved foods
Cabbage, red, canned, no sugar added;Fruit/vegetable products;0,15;0,03;0,20;0,22;0,11;0,01;0,73;Fruits/vegetables/nuts/seeds prepared/processed
Tomatojuice, canned;Beverages;0,13;0,02;0,20;0,22;0,68;0,01;1,26;Beverages
Gherkin, pickled;Fruit/vegetable products;0,26;0,01;0,45;0,64;0,20;0,01;1,58;Fruits/vegetables/nuts/seeds prepared/processed
Potatoes, mashed, instant powder with dry milk;Fruit/vegetable products;1,95;0,22;2,11;0,58;0,13;0,01;5,00;Fruits/vegetables/nuts/seeds prepared/processed
Pepper, hot chili, canned;Fruit/vegetable products;0,47;0,03;0,21;0,22;0,60;0,01;1,54;Fruits/vegetables/nuts/seeds prepared/processed
Cucumber, large, pickled;Fruit/vegetable products;0,26;0,01;0,45;0,64;0,20;0,01;1,58;Fruits/vegetables/nuts/seeds prepared/processed
Tomato, peeled, canned;Fruit/vegetable products;0,13;0,02;0,20;0,22;0,68;0,01;1,26;Fruits/vegetables/nuts/seeds prepared/processed
Beet, red, canned;Fruit/vegetable products;0,27;0,02;0,20;0,22;0,11;0,01;0,83;Fruits/vegetables/nuts/seeds prepared/processed
Potato, canned;Fruit/vegetable products;0,31;0,02;0,20;0,22;0,12;0,01;0,89;Fruits/vegetables/nuts/seeds prepared/processed
Potato crisps;Prepared/preserved foods;0,59;0,16;3,03;0,26;0,12;0,01;4,17;Prepared/preserved foods
Bamboo shoots, canned, nonsalted;Fruit/vegetable products;0,27;0,06;0,24;0,22;0,40;0,01;1,21;Fruits/vegetables/nuts/seeds prepared/processed
Mushroom, canned;Fruit/vegetable products;0,02;0,01;0,20;0,22;0,24;0,01;0,70;Fruits/vegetables/nuts/seeds prepared/processed
French fries, deepfried, fast food;Fruit/vegetable products;0,38;0,11;1,97;0,26;0,12;0,00;2,84;Fruits/vegetables/nuts/seeds prepared/processed
Tomato paste, concentrated;Fruit/vegetable products;0,44;0,06;0,51;0,78;0,68;0,01;2,48;Fruits/vegetables/nuts/seeds prepared/processed
Tomato ketchup, bottled;Seasonings/preservatives/extracts;0,42;0,04;1,02;0,42;0,11;0,01;2,01;Seasonings/preservatives/extracts
Beans, baked i tomato sauce, canned;Fruit/vegetable products;0,30;0,09;0,27;0,63;0,22;0,01;1,53;Fruits/vegetables/nuts/seeds prepared/processed
Potato flour;Fruit/vegetable products;0,77;0,07;0,14;0,20;0,12;0,01;1,31;Fruits/vegetables/nuts/seeds prepared/processed
Peas, green, canned;Fruit/vegetable products;0,58;0,18;0,20;0,22;0,17;0,01;1,36;Fruits/vegetables/nuts/seeds prepared/processed
Soya sauce;Seasonings/preservatives/extracts;0,20;-0,01;0,27;0,85;0,18;0,01;1,49;Seasonings/preservatives/extracts
Sauce, barbeque;Seasonings/preservatives/extracts;0,51;0,04;1,10;0,42;0,10;0,01;2,18;Seasonings/preservatives/extracts
Wine, white, average values;Beverages;0,31;0,07;0,40;0,41;0,68;0,01;1,87;Beverages
Wine, rosé;Beverages;0,31;0,07;0,40;0,41;0,68;0,01;1,87;Beverages
Wine, red;Beverages;0,31;0,07;0,40;0,41;0,68;0,01;1,87;Beverages
Wine, white, sparkling, champagne;Beverages;0,31;0,07;0,40;0,41;0,68;0,01;1,87;Beverages
Yeast, baker`s, compressed;Bread/bakery products;0,00;0,26;0,92;0,20;0,07;0,00;1,45;Bread/bakery products
Cocktail sausages;Meat/poultry;1,14;0,20;0,37;0,02;0,09;0,00;1,81;Meat/poultry/other animals
Pesto;Seasonings/preservatives/extracts;0,63;0,78;1,38;0,64;0,39;0,01;3,83;Seasonings/preservatives/extracts
Lasagne, beef, ready meals;Prepared/preserved foods;6,68;1,31;0,01;0,64;0,21;0,00;8,85;Prepared/preserved foods
Lasagne, vegetarian, ready meals;Prepared/preserved foods;0,46;0,10;0,30;0,64;0,24;0,00;1,74;Prepared/preserved foods
Daal, ready meals;Prepared/preserved foods;0,40;0,16;0,42;0,64;0,22;0,00;1,85;Prepared/preserved foods
Sushi, ready meals;Prepared/preserved foods;0,19;0,26;1,24;0,64;0,18;0,00;2,51;Prepared/preserved foods
Minced chicken;Meat/poultry;2,96;0,73;-0,22;0,14;0,16;0,00;3,76;Meat/poultry/other animals
Pizza dough;Bread/bakery products;0,31;0,02;0,05;0,26;0,09;0,00;0,72;Bread/bakery products
Fresh pasta, fettucine spinach;Prepared/preserved foods;0,44;0,05;0,22;0,23;0,14;0,00;1,08;Prepared/preserved foods
Tuna salad;Seasonings/preservatives/extracts;0,07;0,42;3,64;0,24;0,12;0,00;4,50;Seasonings/preservatives/extracts
Egg salad;Prepared/preserved foods;0,36;0,17;0,62;0,24;0,11;0,00;1,51;Prepared/preserved foods
Meatballs;Meat/poultry;1,97;0,35;0,28;0,26;0,11;0,03;3,00;Meat/poultry/other animals
Hummus, done;Seasonings/preservatives/extracts;0,53;0,29;0,16;0,24;0,28;0,00;1,50;Seasonings/preservatives/extracts
Lasagne, vegan, ready meals;Prepared/preserved foods;0,30;0,09;0,31;0,64;0,24;0,00;1,59;Prepared/preserved foods
Pancakes, ready meals;Prepared/preserved foods;0,75;0,16;0,50;0,67;0,13;0,01;2,21;Prepared/preserved foods
Potato gratin / cream potatoes;Fruit/vegetable products;0,30;0,06;0,36;0,26;0,13;0,00;1,10;Fruits/vegetables/nuts/seeds prepared/processed
Kebab;Meat/poultry;31,38;6,09;-1,36;0,26;0,10;0,03;36,49;Meat/poultry/other animals
Icetea, peach;Beverages;0,20;0,02;0,37;0,13;0,08;0,01;0,82;Beverages
Energy drink;Beverages;0,14;0,00;0,17;0,16;0,06;0,01;0,53;Beverages
Alcoholic soda, 4%;Beverages;0,25;0,00;0,21;0,19;0,07;0,01;0,72;Beverages
Salsa, hot;Fruit/vegetable products;0,13;0,02;0,28;0,64;0,51;0,01;1,59;Fruits/vegetables/nuts/seeds prepared/processed
Tortilla bread, wheat;Bread/bakery products;0,38;0,04;0,16;0,04;0,10;0,01;0,74;Bread/bakery products
Pizzasauce;Fruit/vegetable products;0,24;0,04;1,16;0,78;0,11;0,01;2,33;Fruits/vegetables/nuts/seeds prepared/processed
Pastasauce;Fruit/vegetable products;0,24;0,04;1,16;0,78;0,11;0,01;2,33;Fruits/vegetables/nuts/seeds prepared/processed
Coconut milk;Fruit/vegetable products;1,89;0,73;0,24;0,22;0,40;0,01;3,50;Fruits/vegetables/nuts/seeds prepared/processed
Garlic baguette, frozen;Prepared/preserved foods;0,33;0,09;0,59;0,04;0,10;0,03;1,18;Prepared/preserved foods
Muesli bar, chocolate;Cereal/grain/pulse products;0,85;0,20;0,91;0,58;0,11;0,01;2,65;Cereal/grain/pulse products
Cup noodles chicken;Prepared/preserved foods;0,53;0,05;0,91;0,26;0,11;0,01;1,87;Prepared/preserved foods
Sliced mushrooms;Fruit/vegetable products;0,02;0,01;0,00;0,14;0,24;0,00;0,41;Fruits/vegetables/nuts/seeds prepared/processed
Microwave popcorn;Fruit/vegetable products;0,16;0,15;0,94;0,26;0,10;0,01;1,62;Fruits/vegetables/nuts/seeds prepared/processed
Thai meal panang curry chicken;Prepared/preserved foods;0,96;0,36;0,18;0,64;0,18;0,00;2,33;Prepared/preserved foods
French fries, frost;Fruit/vegetable products;0,39;0,03;0,02;0,06;0,12;0,03;0,65;Fruits/vegetables/nuts/seeds prepared/processed
Pancake puffs;Bread/bakery products;0,84;0,07;-0,01;0,26;0,14;0,01;1,32;Bread/bakery products
Chickpeas, canned;Fruit/vegetable products;0,20;0,12;0,14;0,22;0,18;0,01;0,88;Fruits/vegetables/nuts/seeds prepared/processed
Green beans, frost;Vegetables;0,62;0,13;0,03;0,06;0,55;0,03;1,42;Vegetables
Tortilla chips, cheese;Prepared/preserved foods;0,34;0,07;1,10;0,26;0,11;0,01;1,90;Prepared/preserved foods
Asparagus slices;Fruit/vegetable products;0,34;0,12;0,28;0,22;0,49;0,01;1,46;Fruits/vegetables/nuts/seeds prepared/processed
Corn cob;Vegetables;0,21;0,07;0,00;0,14;0,05;0,01;0,49;Vegetables
Arugula salad, rinsed;Prepared/preserved foods;0,13;0,03;0,00;0,26;0,05;0,00;0,48;Prepared/preserved foods
Olive tapenade;Fruit/vegetable products;0,63;0,33;1,23;0,64;0,29;0,01;3,12;Fruits/vegetables/nuts/seeds prepared/processed
Stuffed fresh pasta;Prepared/preserved foods;0,76;0,11;0,93;0,23;0,11;0,00;2,14;Prepared/preserved foods
Pepperoni;Meat/poultry;2,68;0,60;1,60;0,02;0,15;0,01;5,06;Meat/poultry/other animals
Kidney beans;Fruit/vegetable products;0,14;0,05;0,47;0,22;0,15;0,01;1,05;Fruits/vegetables/nuts/seeds prepared/processed
Chicken, whole;Meat/poultry;1,60;0,43;-0,06;0,14;0,11;0,00;2,22;Meat/poultry/other animals
Chorizo, sliced;Meat/poultry;2,68;0,59;1,56;0,02;1,21;0,00;6,07;Meat/poultry/other animals
Potato salad;Fruit/vegetable products;0,20;0,08;0,54;0,24;0,12;0,00;1,18;Fruits/vegetables/nuts/seeds prepared/processed
Cider 4.5%;Beverages;0,28;0,01;0,53;0,19;0,08;0,01;1,10;Beverages
Falafel, frost;Fruit/vegetable products;0,36;0,20;0,26;0,64;0,24;0,03;1,72;Fruits/vegetables/nuts/seeds prepared/processed
Potato hotchpotch, beef, ready meals;Prepared/preserved foods;10,42;2,04;0,37;0,26;0,08;0,03;13,21;Prepared/preserved foods
Potato hotchpotch, mixed meat, ready meals;Prepared/preserved foods;6,09;1,23;1,70;0,26;0,11;0,03;9,42;Prepared/preserved foods
Vegetable steaks;Fruit/vegetable products;0,34;0,10;0,33;0,24;0,21;0,03;1,25;Fruits/vegetables/nuts/seeds prepared/processed
Spring rolls, vegetables, ready meals;Prepared/preserved foods;0,22;0,11;0,90;0,64;0,11;0,00;1,99;Prepared/preserved foods
Spring rolls, chicken, ready meals;Prepared/preserved foods;0,47;0,15;0,85;0,64;0,11;0,03;2,24;Prepared/preserved foods
Spring rolls, beef, ready meals;Prepared/preserved foods;2,16;0,45;0,73;0,64;0,12;0,03;4,14;Prepared/preserved foods
Meatballs in curry with rice and curry sauce, ready meals;Prepared/preserved foods;0,59;0,18;0,35;0,64;0,14;0,03;1,94;Prepared/preserved foods
Leek pie with bacon, ready meals;Prepared/preserved foods;0,56;0,13;0,43;0,21;0,11;0,03;1,46;Prepared/preserved foods
Croque monsieur, ready meals;Prepared/preserved foods;1,31;0,13;0,06;0,26;0,11;0,00;1,87;Prepared/preserved foods
Capers;Fruit/vegetable products;0,12;0,04;0,20;0,22;0,79;0,01;1,39;Fruits/vegetables/nuts/seeds prepared/processed
Baby corn;Fruit/vegetable products;0,05;0,03;0,14;0,32;0,07;0,01;0,61;Fruits/vegetables/nuts/seeds prepared/processed
Black beans;Fruit/vegetable products;0,14;0,05;0,47;0,22;0,15;0,01;1,05;Fruits/vegetables/nuts/seeds prepared/processed
Half peaches in juice;Fruit/vegetable products;0,21;0,04;0,46;0,22;0,75;0,01;1,70;Fruits/vegetables/nuts/seeds prepared/processed
Marinated artichokes;Fruit/vegetable products;0,84;0,31;0,93;0,64;0,65;0,01;3,38;Fruits/vegetables/nuts/seeds prepared/processed
Cornichons;Fruit/vegetable products;0,26;0,01;0,45;0,64;0,20;0,01;1,58;Fruits/vegetables/nuts/seeds prepared/processed
Garlic in oil;Fruit/vegetable products;0,42;0,28;0,87;0,64;0,58;0,01;2,79;Fruits/vegetables/nuts/seeds prepared/processed
Half pears in juice;Fruit/vegetable products;0,20;0,03;0,45;0,22;0,12;0,01;1,04;Fruits/vegetables/nuts/seeds prepared/processed
Marinated grilled peppers;Fruit/vegetable products;0,22;0,37;1,20;0,64;0,46;0,01;2,89;Fruits/vegetables/nuts/seeds prepared/processed
Tahin, sesame paste;Seasonings/preservatives/extracts;1,57;1,11;0,64;0,64;0,11;0,01;4,08;Seasonings/preservatives/extracts
Sundried tomatoes;Fruit/vegetable products;0,91;0,09;0,00;0,26;0,68;0,01;1,95;Fruits/vegetables/nuts/seeds prepared/processed
Red lentils, dried;Fruit/vegetable products;0,85;0,33;0,00;0,20;0,39;0,01;1,78;Fruits/vegetables/nuts/seeds prepared/processed
Ajvar, relish;Seasonings/preservatives/extracts;0,55;0,15;0,33;0,64;0,81;0,01;2,49;Seasonings/preservatives/extracts
Vegan bean paste;Fruit/vegetable products;0,41;0,15;0,17;0,64;0,33;0,01;1,72;Fruits/vegetables/nuts/seeds prepared/processed
Plant paste, pea protein and mushroom;Fruit/vegetable products;0,17;0,08;0,03;0,24;0,26;0,00;0,78;Fruits/vegetables/nuts/seeds prepared/processed
Chilli cheese tops;Prepared/preserved foods;1,32;0,10;0,04;0,24;0,15;0,03;1,87;Prepared/preserved foods
Mozarella sticks;Prepared/preserved foods;2,67;0,15;-0,37;0,35;0,11;0,00;2,92;Prepared/preserved foods
Chili con carne, ready meals;Prepared/preserved foods;16,96;3,31;-0,66;1,18;0,27;0,00;21,07;Prepared/preserved foods
Vegan balls, soy based;Prepared/preserved foods;0,02;0,20;0,28;0,26;0,07;0,03;0,86;Prepared/preserved foods
Vegan schnitzels, soy based;Prepared/preserved foods;0,10;0,23;1,09;0,26;0,07;0,03;1,78;Prepared/preserved foods
Vegan burgers, soy based;Prepared/preserved foods;0,04;0,19;0,26;0,26;0,07;0,03;0,85;Prepared/preserved foods
Vegan minced, pea based;Prepared/preserved foods;0,15;0,15;0,09;0,14;0,07;0,00;0,61;Prepared/preserved foods
Vegan sausages, soy based;Prepared/preserved foods;0,03;0,20;1,04;0,26;0,07;0,03;1,63;Prepared/preserved foods
Vegan nuggets, soy based;Prepared/preserved foods;0,11;0,25;0,95;0,64;0,08;0,03;2,05;Prepared/preserved foods
Vegan pulled beans;Prepared/preserved foods;0,01;0,35;1,09;0,64;0,08;0,03;2,21;Prepared/preserved foods
Pulled pork;Meat/poultry;2,30;0,45;0,18;0,64;0,10;0,00;3,68;Meat/poultry/other animals
Pulled beef;Meat/poultry;32,55;6,35;-1,42;0,64;0,10;0,00;38,22;Meat/poultry/other animals
Vegan chorizo;Prepared/preserved foods;0,04;0,26;0,81;0,64;0,07;0,03;1,84;Prepared/preserved foods
Rice noodles;Prepared/preserved foods;0,40;0,16;0,50;0,23;0,11;0,01;1,41;Prepared/preserved foods
Jalapenos;Fruit/vegetable products;0,47;0,03;0,21;0,22;0,60;0,01;1,54;Fruits/vegetables/nuts/seeds prepared/processed
Taco shells;Prepared/preserved foods;0,28;0,07;1,09;0,26;0,11;0,01;1,81;Prepared/preserved foods
Mango chutney;Seasonings/preservatives/extracts;0,87;0,04;0,71;0,64;0,62;0,01;2,90;Seasonings/preservatives/extracts
Green curry paste;Seasonings/preservatives/extracts;0,27;0,06;0,53;0,78;0,31;0,01;1,97;Seasonings/preservatives/extracts
Noodles, eggs;Prepared/preserved foods;0,52;0,05;0,23;0,23;0,11;0,01;1,15;Prepared/preserved foods
Rice pancakes;Cereal/grain/pulse products;0,33;0,15;0,58;0,67;0,10;0,01;1,84;Cereal/grain/pulse products
Vegan ice cream, oats;Prepared/preserved foods;0,42;0,21;0,25;0,51;0,11;0,03;1,53;Prepared/preserved foods
Vegan mayo;Seasonings/preservatives/extracts;0,08;0,29;1,96;0,64;0,09;0,01;3,07;Seasonings/preservatives/extracts
Mushroom burger;Prepared/preserved foods;0,05;0,24;0,45;0,64;0,08;0,00;1,47;Prepared/preserved foods
Vegan cold cuts;Fruit/vegetable products;1,19;0,37;0,61;0,02;0,14;0,00;2,34;Fruits/vegetables/nuts/seeds prepared/processed
Vegan block;Milk/eggs/substitute products;0,00;0,13;0,55;0,24;0,05;0,00;0,97;Milk/butter/cream/yougurts/cheese/eggs/substitutes
Magarine;Oils/fats edible;0,00;0,32;2,31;0,24;0,05;0,00;2,93;Oils/fats edible
Vegan bacon;Prepared/preserved foods;0,03;0,25;-0,24;0,14;0,06;0,00;0,25;Prepared/preserved foods
Vegan fillet pieces;Prepared/preserved foods;0,01;0,30;1,00;0,64;0,07;0,03;2,04;Prepared/preserved foods
Falafel mince;Prepared/preserved foods;0,36;0,20;0,24;0,64;0,24;0,00;1,68;Prepared/preserved foods
Pea drink;Milk/eggs/substitute products;0,06;0,03;0,23;0,10;0,06;0,01;0,48;Milk/butter/cream/yougurts/cheese/eggs/substitutes
Portobello mushroom;Vegetables;0,01;0,01;0,00;0,14;0,19;0,01;0,36;Vegetables
Food grain, kamut;Cereal/grain/pulse products;0,58;0,08;0,16;0,20;0,12;0,01;1,15;Cereal/grain/pulse products
Chili Sauce;Seasonings/preservatives/extracts;0,48;0,00;0,38;0,64;0,31;0,01;1,82;Seasonings/preservatives/extracts
Red onion;Vegetables;0,18;0,04;0,00;0,06;0,60;0,01;0,90;Vegetables
Basil, fresh;Vegetables;0,13;0,03;0,00;0,06;0,05;0,01;0,30;Vegetables
Basil, dried;Seasonings/preservatives/extracts;0,91;0,13;0,00;2,72;0,68;0,01;4,44;Seasonings/preservatives/extracts
Cold buttermilk soup;Milk/eggs/substitute products;0,58;0,04;0,09;0,13;0,11;0,01;0,97;Milk/butter/cream/yougurts/cheese/eggs/substitutes
Beef, low fat ;Meat/poultry;31,94;6,05;-2,40;0,14;0,13;0,00;35,86;Meat/poultry/other animals
Grilled sausages;Meat/poultry;1,14;0,20;0,37;0,02;0,09;0,00;1,81;Meat/poultry/other animals
Apple juice;Beverages;0,32;0,02;0,61;0,31;0,37;0,01;1,64;Beverages
Minced lamb;Meat/poultry;24,01;6,26;-4,22;0,14;0,11;0,00;26,30;Meat/poultry/other animals
Burger buns;Bread/bakery products;0,38;0,04;0,16;0,04;0,10;0,01;0,74;Bread/bakery products
Blue cheese;Milk/eggs/substitute products;2,67;0,15;-0,37;0,35;0,11;0,00;2,92;Milk/butter/cream/yougurts/cheese/eggs/substitutes
Goat cheese;Milk/eggs/substitute products;2,67;0,15;-0,37;0,35;0,11;0,00;2,92;Milk/butter/cream/yougurts/cheese/eggs/substitutes
Vegan cheese, grated or sliced;Milk/eggs/substitute products;0,07;0,12;0,39;0,35;0,07;0,01;1,00;Milk/butter/cream/yougurts/cheese/eggs/substitutes
Samosa, vegetarian frost;Prepared/preserved foods;0,29;0,09;0,40;0,24;0,13;0,03;1,17;Prepared/preserved foods
Cold chocolate;Candy/sugar products;1,83;0,34;2,52;0,38;0,11;0,01;5,18;Confectionery/sugar sweetening products
Nutella, nut cream;Candy/sugar products;1,68;0,44;1,32;0,42;0,10;0,01;3,97;Confectionery/sugar sweetening products
Smoothie, strawberry blueberry;Beverages;0,40;0,07;0,10;0,31;1,29;0,00;2,16;Beverages
Beet, red, raw;Vegetables;0,17;0,01;0,00;0,06;0,05;0,01;0,31;Vegetables