name;CategoryDSK;Agriculture;iLUC;FoodProcessing;Packaging;Transport;Retail;carbon;CategoryGPC
Water, kraan, drinken, gemiddelde waarden;Dranken;0;0;0;0;0;0;0;Dranken
Bier, pils, alc. 4,4 vol.%;Dranken;7;5;24;16;7;1;60;Dranken
Bier, Deens huishouden, weinig alcohol;Dranken;7;5;24;16;7;1;60;Dranken
Bier, sterk, alc. 7,6 vol.%;Dranken;7;5;24;16;7;1;60;Dranken
Thee;Dranken;250;161;187;194;47;1;841;Dranken
Koffie, instant, poeder;Dranken;235;154;243;321;58;1;1011;Dranken
Koffieboon, gebrand, gemalen;Dranken;130;84;21;24;58;1;318;Dranken
Cacao, instant, zonder melk, poeder;Dranken;275;284;-552;432;58;1;498;Dranken
Cacaopoeder;Dranken;275;284;-552;432;58;1;498;Dranken
Vruchtensap, gemengd, gezoet, geconcentreerd;Dranken;80;-1;28;31;119;1;258;Dranken
Vlierbes, sap, geconcentreerd, suiker toegevoegd;Dranken;117;26;28;31;38;1;240;Dranken
Sinaasappelsap, ingeblikt;Dranken;22;3;9;31;67;1;132;Dranken
Bruisend Water;Dranken;0;0;2;13;5;1;22;Dranken
Frisdrank, suiker toegevoegd;Dranken;14;0;15;19;6;1;55;Dranken
Appelsap, ingeblikt of gebotteld;Dranken;32;2;61;31;37;1;164;Dranken
Sherry, droog;Dranken;49;3;258;37;79;1;427;Dranken
Likeur, koffie met slagroom;Dranken;71;10;163;37;57;1;339;Dranken
BITTER, Gammel Dansk Bitter Dram;Dranken;110;-5;-11;37;72;1;204;Dranken
Brandewijn, cognac;Dranken;99;-2;480;37;207;1;822;Dranken
Wodka;Dranken;110;-5;-11;37;72;1;204;Dranken
Aquavit, 40 % vol., gemiddelde waarden;Dranken;110;-5;-11;37;72;1;204;Dranken
Tomatensap, ingeblikt;Dranken;13;2;20;22;68;1;126;Dranken
Wijn, wit, gemiddelde waarden;Dranken;31;7;40;41;68;1;187;Dranken
Wijn, rosé;Dranken;31;7;40;41;68;1;187;Dranken
Wijn rood;Dranken;31;7;40;41;68;1;187;Dranken
Wijn, wit, mousserend, champagne;Dranken;31;7;40;41;68;1;187;Dranken
IJsthee, perzik;Dranken;20;2;37;13;8;1;82;Dranken
Energiedrank;Dranken;14;0;17;16;6;1;53;Dranken
Alcoholische frisdrank, 4%;Dranken;25;0;21;19;7;1;72;Dranken
Cider 4,5%;Dranken;28;1;53;19;8;1;110;Dranken
appelsap;Dranken;32;2;61;31;37;1;164;Dranken
Smoothie, aardbei bosbes;Dranken;40;7;10;31;129;0;216;Dranken
Biscuit, zoet;Brood/bakkerijproducten;59;12;122;67;14;1;275;Brood/bakkerijproducten
Biscuit, volkoren, digestief type;Brood/bakkerijproducten;54;14;123;67;14;1;273;Brood/bakkerijproducten
Boterkoekje, tarwe, Deens, industrieel geproduceerd;Brood/bakkerijproducten;63;14;142;67;11;1;298;Brood/bakkerijproducten
Amerikaans geïnspireerd koekje;Brood/bakkerijproducten;54;14;123;67;14;1;273;Brood/bakkerijproducten
Mueslireep;Brood/bakkerijproducten;120;43;45;67;13;1;288;Brood/bakkerijproducten
Wafelstokjes;Brood/bakkerijproducten;138;11;21;22;16;1;210;Brood/bakkerijproducten
Paneermeel;Brood/bakkerijproducten;58;7;42;4;14;1;126;Brood/bakkerijproducten
Knäckebröd, knackebrot, rogge, grof;Brood/bakkerijproducten;41;5;42;4;14;1;108;Brood/bakkerijproducten
Tarwebrood, om te roosteren, industrieel geproduceerd;Brood/bakkerijproducten;38;4;16;4;10;1;74;Brood/bakkerijproducten
Brood, wit, voor worstjes;Brood/bakkerijproducten;38;4;16;4;10;1;74;Brood/bakkerijproducten
Brood, wit, broodje, grove korrel;Brood/bakkerijproducten;38;4;16;4;10;1;74;Brood/bakkerijproducten
Roggebrood, donker, volle granen, industrieel geproduceerd;Brood/bakkerijproducten;27;3;17;4;9;1;62;Brood/bakkerijproducten
Roggebroodkruimels met bruine suiker, gemiddelde waarden;Brood/bakkerijproducten;83;-1;55;4;14;1;156;Brood/bakkerijproducten
Gewone cake, chocoladetaart;Brood/bakkerijproducten;57;12;92;41;13;0;215;Brood/bakkerijproducten
Deens gebak, kanelsnegl;Brood/bakkerijproducten;47;10;104;4;11;1;177;Brood/bakkerijproducten
Gewone cake, gemiddelde waarden;Brood/bakkerijproducten;57;12;92;41;13;0;215;Brood/bakkerijproducten
Roomgebak, laagcake;Brood/bakkerijproducten;57;12;92;41;13;0;215;Brood/bakkerijproducten
Koekje, truffelproduct / ongebakken, industrieel geproduceerd;Brood/bakkerijproducten;70;38;96;47;11;1;263;Brood/bakkerijproducten
Pizza met tomaat en kaas, kant-en-klaarmaaltijden;Brood/bakkerijproducten;98;20;148;21;10;0;296;Brood/bakkerijproducten
Pizza met zeevruchten, tomaat en kaas, kant-en-klaarmaaltijden;Brood/bakkerijproducten;71;47;227;21;13;0;379;Brood/bakkerijproducten
Pizza met salami, tomaat en kaas, kant-en-klaarmaaltijden;Brood/bakkerijproducten;103;25;156;21;10;0;315;Brood/bakkerijproducten
Pizza met groente, fruit, tomaat en kaas, kant en klare maaltijden;Brood/bakkerijproducten;52;16;148;21;19;0;256;Brood/bakkerijproducten
Pizza met vlees, tomaat en kaas, kant-en-klaarmaaltijden;Brood/bakkerijproducten;191;46;118;21;14;0;391;Brood/bakkerijproducten
Pizza met vlees en zeevruchten, tomaat en kaas, kant-en-klaarmaaltijden;Brood/bakkerijproducten;131;46;173;21;14;0;385;Brood/bakkerijproducten
Pizza Romana, diepvries, kant-en-klaarmaaltijden;Brood/bakkerijproducten;113;24;115;21;12;3;287;Brood/bakkerijproducten
Pizza Napolitana, diepvries, kant-en-klaarmaaltijden;Brood/bakkerijproducten;98;20;148;21;10;3;299;Brood/bakkerijproducten
Pizza met broccoli, diepvries, kant-en-klaarmaaltijden;Brood/bakkerijproducten;52;16;148;21;19;3;258;Brood/bakkerijproducten
Pizza met tonijn, diepvries, kant-en-klaarmaaltijden;Brood/bakkerijproducten;47;26;209;21;21;3;326;Brood/bakkerijproducten
Noga;Brood/bakkerijproducten;207;49;162;67;11;1;497;Brood/bakkerijproducten
Gist, bakkers, samengeperst;Brood/bakkerijproducten;0;26;92;20;7;0;145;Brood/bakkerijproducten
pizza deeg;Brood/bakkerijproducten;31;2;5;26;9;0;72;Brood/bakkerijproducten
Tortillabrood, tarwe;Brood/bakkerijproducten;38;4;16;4;10;1;74;Brood/bakkerijproducten
Pannenkoek soezen;Brood/bakkerijproducten;84;7;-1;26;14;1;132;Brood/bakkerijproducten
Hamburger broodjes;Brood/bakkerijproducten;38;4;16;4;10;1;74;Brood/bakkerijproducten
Notenpasta met cacao, spreads;Snoep/suikerproducten;168;44;132;42;10;1;397;Zoetwaren/zoetstoffen
Marsepein;Snoep/suikerproducten;408;78;60;67;11;1;625;Zoetwaren/zoetstoffen
Siroop, keuken;Snoep/suikerproducten;32;3;4;42;11;1;93;Zoetwaren/zoetstoffen
Suiker, sucrose, wit;Snoep/suikerproducten;130;-9;47;20;11;1;200;Zoetwaren/zoetstoffen
Suiker, bruin;Snoep/suikerproducten;118;-6;49;20;10;1;192;Zoetwaren/zoetstoffen
Chocolademelk;Snoep/suikerproducten;183;34;252;38;11;1;518;Zoetwaren/zoetstoffen
Kauwgom, geen toegevoegde suikers, alle soorten;Snoep/suikerproducten;0;25;436;129;5;1;596;Zoetwaren/zoetstoffen
Toffees, gemengd;Snoep/suikerproducten;93;7;115;47;11;1;274;Zoetwaren/zoetstoffen
Chocolade, bitter;Snoep/suikerproducten;125;128;11;49;59;1;374;Zoetwaren/zoetstoffen
Zoethout, zout;Snoep/suikerproducten;75;-1;97;26;11;1;209;Zoetwaren/zoetstoffen
Vruchtenkauwgom;Snoep/suikerproducten;78;-1;88;26;11;1;202;Zoetwaren/zoetstoffen
Koude chocolade;Snoep/suikerproducten;183;34;252;38;11;1;518;Zoetwaren/zoetstoffen
Nutella, notencrème;Snoep/suikerproducten;168;44;132;42;10;1;397;Zoetwaren/zoetstoffen
Cornflakes, gemiddelde waarden;Granen/graan/peulvruchtenproducten;43;2;37;58;11;1;151;Granen/graan/peulvruchtenproducten
Ontbijtgranen, müsli, gemiddelde waarden;Granen/graan/peulvruchtenproducten;54;14;38;58;11;1;176;Granen/graan/peulvruchtenproducten
Ontbijtgranen, Guldkorn;Granen/graan/peulvruchtenproducten;75;5;61;58;11;1;212;Granen/graan/peulvruchtenproducten
Ontbijtgranen, Havrefras;Granen/graan/peulvruchtenproducten;44;12;43;58;11;1;170;Granen/graan/peulvruchtenproducten
Roggemeel, puur, volkorenmeel;Granen/graan/peulvruchtenproducten;30;11;3;20;11;1;77;Granen/graan/peulvruchtenproducten
Tarwe, meel, volkoren;Granen/graan/peulvruchtenproducten;38;9;3;20;12;1;84;Granen/graan/peulvruchtenproducten
Roggepitten, heel/gebarsten;Granen/graan/peulvruchtenproducten;30;11;3;20;11;1;77;Granen/graan/peulvruchtenproducten
Tarwe, korrels, heel/gebarsten;Granen/graan/peulvruchtenproducten;38;9;3;20;12;1;84;Granen/graan/peulvruchtenproducten
Rijstmeel;Granen/graan/peulvruchtenproducten;36;17;0;20;40;1;114;Granen/graan/peulvruchtenproducten
Maïsmeel;Granen/graan/peulvruchtenproducten;36;-2;-3;20;11;1;63;Granen/graan/peulvruchtenproducten
Gerstgrutten, rauw;Granen/graan/peulvruchtenproducten;50;3;-3;20;11;1;83;Granen/graan/peulvruchtenproducten
Haver, gerold, niet verrijkt;Granen/graan/peulvruchtenproducten;58;5;-3;20;13;1;95;Granen/graan/peulvruchtenproducten
Rijstgrutten, rauw;Granen/graan/peulvruchtenproducten;36;17;-3;20;40;1;111;Granen/graan/peulvruchtenproducten
Groene linzen, gedroogd;Granen/graan/peulvruchtenproducten;85;33;0;20;39;1;178;Granen/graan/peulvruchtenproducten
Erwten, kuiken/garbanzo, droog, rauw;Granen/graan/peulvruchtenproducten;93;52;0;20;58;1;223;Granen/graan/peulvruchtenproducten
Bonen, soja, gedroogd, rauw;Granen/graan/peulvruchtenproducten;32;27;0;20;36;1;116;Granen/graan/peulvruchtenproducten
Bulgur, voorgekookt, rauw;Granen/graan/peulvruchtenproducten;58;8;16;20;12;1;115;Granen/graan/peulvruchtenproducten
Rijst, voorgekookt, rauw;Granen/graan/peulvruchtenproducten;35;16;16;20;40;1;128;Granen/graan/peulvruchtenproducten
Quinoa, zwart, rauw;Granen/graan/peulvruchtenproducten;104;63;0;20;60;1;249;Granen/graan/peulvruchtenproducten
Mueslireep, chocolade;Granen/graan/peulvruchtenproducten;85;20;91;58;11;1;265;Granen/graan/peulvruchtenproducten
Rijst pannenkoeken;Granen/graan/peulvruchtenproducten;33;15;58;67;10;1;184;Granen/graan/peulvruchtenproducten
Voedselgraan, kamut;Granen/graan/peulvruchtenproducten;58;8;16;20;12;1;115;Granen/graan/peulvruchtenproducten
Peer, ingeblikt;Fruit/groente producten;24;4;20;22;11;1;83;Vruchten/groenten/noten/zaden bereid/verwerkt
Ananas, ingeblikt;Fruit/groente producten;17;2;22;22;66;1;130;Vruchten/groenten/noten/zaden bereid/verwerkt
aardbeienjam;Fruit/groente producten;83;-3;50;32;17;1;180;Vruchten/groenten/noten/zaden bereid/verwerkt
Rozijnen, pitloos;Fruit/groente producten;114;22;41;26;60;1;263;Vruchten/groenten/noten/zaden bereid/verwerkt
Frambozen marmelade;Fruit/groente producten;83;-3;50;32;17;1;180;Vruchten/groenten/noten/zaden bereid/verwerkt
Hazelnoot, gedroogd;Fruit/groente producten;293;103;0;26;11;1;435;Vruchten/groenten/noten/zaden bereid/verwerkt
Zonnebloempitten, geschild, gedroogd;Fruit/groente producten;54;42;0;26;54;1;177;Vruchten/groenten/noten/zaden bereid/verwerkt
Sesamzaadjes, ontdopt;Fruit/groente producten;157;111;7;26;61;1;362;Vruchten/groenten/noten/zaden bereid/verwerkt
Walnoten, gedroogd;Fruit/groente producten;179;55;0;26;54;1;315;Vruchten/groenten/noten/zaden bereid/verwerkt
Cashewnoten, droog geroosterd;Fruit/groente producten;220;261;-160;26;54;1;401;Vruchten/groenten/noten/zaden bereid/verwerkt
Pompoenpitten, gedroogd;Fruit/groente producten;179;55;49;26;11;1;320;Vruchten/groenten/noten/zaden bereid/verwerkt
Bloemkool, diepvries;Fruit/groente producten;18;5;2;6;50;3;84;Vruchten/groenten/noten/zaden bereid/verwerkt
Spinazie, gehakt, diepvries;Fruit/groente producten;15;4;2;6;35;3;64;Vruchten/groenten/noten/zaden bereid/verwerkt
Broccoli, diepvries;Fruit/groente producten;18;5;2;6;50;3;84;Vruchten/groenten/noten/zaden bereid/verwerkt
Taugé, mung, rauw;Fruit/groente producten;20;4;0;14;65;1;104;Vruchten/groenten/noten/zaden bereid/verwerkt
Taugé, gemiddelde waarden, rauw;Fruit/groente producten;20;4;0;14;65;1;104;Vruchten/groenten/noten/zaden bereid/verwerkt
Appel, rauw, alle soorten;Fruit/groente producten;18;2;0;14;31;1;66;Vruchten/groenten/noten/zaden bereid/verwerkt
Peer, rauw;Fruit/groente producten;15;3;0;14;5;1;38;Vruchten/groenten/noten/zaden bereid/verwerkt
Druif, rauw;Fruit/groente producten;22;5;0;14;52;1;94;Vruchten/groenten/noten/zaden bereid/verwerkt
Uien, gehakt, bevroren;Fruit/groente producten;13;2;2;6;11;3;37;Vruchten/groenten/noten/zaden bereid/verwerkt
Wortel, bevroren;Fruit/groente producten;13;2;2;6;11;3;37;Vruchten/groenten/noten/zaden bereid/verwerkt
Pinda's, in olie geroosterd en gezouten;Fruit/groente producten;47;41;124;26;11;1;250;Vruchten/groenten/noten/zaden bereid/verwerkt
Aardbeien, diepgevroren, ongezoet;Fruit/groente producten;7;2;1;6;79;3;98;Vruchten/groenten/noten/zaden bereid/verwerkt
Bosbes, bevroren, ongezoet;Fruit/groente producten;16;5;6;6;66;3;102;Vruchten/groenten/noten/zaden bereid/verwerkt
Framboos, bevroren;Fruit/groente producten;17;15;15;6;30;3;86;Vruchten/groenten/noten/zaden bereid/verwerkt
Suikermaïs, pitten, ingeblikt;Fruit/groente producten;5;3;14;32;7;1;61;Vruchten/groenten/noten/zaden bereid/verwerkt
Kastanje, rauw;Fruit/groente producten;76;13;0;14;67;1;171;Vruchten/groenten/noten/zaden bereid/verwerkt
Pruimen, gedroogde pruimen;Fruit/groente producten;72;8;41;4;60;1;187;Vruchten/groenten/noten/zaden bereid/verwerkt
Abrikoos, gedroogd;Fruit/groente producten;72;8;41;4;60;1;187;Vruchten/groenten/noten/zaden bereid/verwerkt
Uien, gehakt en gefrituurd;Fruit/groente producten;37;25;249;104;15;1;430;Vruchten/groenten/noten/zaden bereid/verwerkt
Kool, rood, ingeblikt, zonder toegevoegde suikers;Fruit/groente producten;15;3;20;22;11;1;73;Vruchten/groenten/noten/zaden bereid/verwerkt
Augurk, gebeitst;Fruit/groente producten;26;1;45;64;20;1;158;Vruchten/groenten/noten/zaden bereid/verwerkt
Aardappelen, puree, instantpoeder met droge melk;Fruit/groente producten;195;22;211;58;13;1;500;Vruchten/groenten/noten/zaden bereid/verwerkt
Peper, hete chili, ingeblikt;Fruit/groente producten;47;3;21;22;60;1;154;Vruchten/groenten/noten/zaden bereid/verwerkt
Komkommer, groot, gebeitst;Fruit/groente producten;26;1;45;64;20;1;158;Vruchten/groenten/noten/zaden bereid/verwerkt
Tomaat, geschild, ingeblikt;Fruit/groente producten;13;2;20;22;68;1;126;Vruchten/groenten/noten/zaden bereid/verwerkt
Biet, rood, ingeblikt;Fruit/groente producten;27;2;20;22;11;1;83;Vruchten/groenten/noten/zaden bereid/verwerkt
Aardappel, ingeblikt;Fruit/groente producten;31;2;20;22;12;1;89;Vruchten/groenten/noten/zaden bereid/verwerkt
Bamboescheuten, ingeblikt, ongezouten;Fruit/groente producten;27;6;24;22;40;1;121;Vruchten/groenten/noten/zaden bereid/verwerkt
Paddestoel, ingeblikt;Fruit/groente producten;2;1;20;22;24;1;70;Vruchten/groenten/noten/zaden bereid/verwerkt
Frieten, gefrituurd, fastfood;Fruit/groente producten;38;11;197;26;12;0;284;Vruchten/groenten/noten/zaden bereid/verwerkt
Tomatenpuree, geconcentreerd;Fruit/groente producten;44;6;51;78;68;1;248;Vruchten/groenten/noten/zaden bereid/verwerkt
Bonen, gebakken in tomatensaus, ingeblikt;Fruit/groente producten;30;9;27;63;22;1;153;Vruchten/groenten/noten/zaden bereid/verwerkt
Aardappelmeel;Fruit/groente producten;77;7;14;20;12;1;131;Vruchten/groenten/noten/zaden bereid/verwerkt
Erwten, groen, ingeblikt;Fruit/groente producten;58;18;20;22;17;1;136;Vruchten/groenten/noten/zaden bereid/verwerkt
Aardappelgratin / roomaardappelen;Fruit/groente producten;30;6;36;26;13;0;110;Vruchten/groenten/noten/zaden bereid/verwerkt
Salsa, heet;Fruit/groente producten;13;2;28;64;51;1;159;Vruchten/groenten/noten/zaden bereid/verwerkt
Pizza saus;Fruit/groente producten;24;4;116;78;11;1;233;Vruchten/groenten/noten/zaden bereid/verwerkt
Pasta saus;Fruit/groente producten;24;4;116;78;11;1;233;Vruchten/groenten/noten/zaden bereid/verwerkt
Kokosmelk;Fruit/groente producten;189;73;24;22;40;1;350;Vruchten/groenten/noten/zaden bereid/verwerkt
Gesneden champignons;Fruit/groente producten;2;1;0;14;24;0;41;Vruchten/groenten/noten/zaden bereid/verwerkt
Magnetronpopcorn;Fruit/groente producten;16;15;94;26;10;1;162;Vruchten/groenten/noten/zaden bereid/verwerkt
Frieten, vorst;Fruit/groente producten;39;3;2;6;12;3;65;Vruchten/groenten/noten/zaden bereid/verwerkt
Kikkererwten, ingeblikt;Fruit/groente producten;20;12;14;22;18;1;88;Vruchten/groenten/noten/zaden bereid/verwerkt
Asperges plakjes;Fruit/groente producten;34;12;28;22;49;1;146;Vruchten/groenten/noten/zaden bereid/verwerkt
Olijf tapenade;Fruit/groente producten;63;33;123;64;29;1;312;Vruchten/groenten/noten/zaden bereid/verwerkt
Bruine bonen;Fruit/groente producten;14;5;47;22;15;1;105;Vruchten/groenten/noten/zaden bereid/verwerkt
Aardappelsalade;Fruit/groente producten;20;8;54;24;12;0;118;Vruchten/groenten/noten/zaden bereid/verwerkt
Falafel, vorst;Fruit/groente producten;36;20;26;64;24;3;172;Vruchten/groenten/noten/zaden bereid/verwerkt
Plantaardige steaks;Fruit/groente producten;34;10;33;24;21;3;125;Vruchten/groenten/noten/zaden bereid/verwerkt
Kappertjes;Fruit/groente producten;12;4;20;22;79;1;139;Vruchten/groenten/noten/zaden bereid/verwerkt
Baby maïs;Fruit/groente producten;5;3;14;32;7;1;61;Vruchten/groenten/noten/zaden bereid/verwerkt
Zwarte bonen;Fruit/groente producten;14;5;47;22;15;1;105;Vruchten/groenten/noten/zaden bereid/verwerkt
Halve perziken in sap;Fruit/groente producten;21;4;46;22;75;1;170;Vruchten/groenten/noten/zaden bereid/verwerkt
Gemarineerde artisjokken;Fruit/groente producten;84;31;93;64;65;1;338;Vruchten/groenten/noten/zaden bereid/verwerkt
Cornichons;Fruit/groente producten;26;1;45;64;20;1;158;Vruchten/groenten/noten/zaden bereid/verwerkt
Knoflook in olie;Fruit/groente producten;42;28;87;64;58;1;279;Vruchten/groenten/noten/zaden bereid/verwerkt
Halve peren in sap;Fruit/groente producten;20;3;45;22;12;1;104;Vruchten/groenten/noten/zaden bereid/verwerkt
Gemarineerde gegrilde paprika's;Fruit/groente producten;22;37;120;64;46;1;289;Vruchten/groenten/noten/zaden bereid/verwerkt
Zongedroogde tomaten;Fruit/groente producten;91;9;0;26;68;1;195;Vruchten/groenten/noten/zaden bereid/verwerkt
Rode linzen, gedroogd;Fruit/groente producten;85;33;0;20;39;1;178;Vruchten/groenten/noten/zaden bereid/verwerkt
Veganistische bonenpasta;Fruit/groente producten;41;15;17;64;33;1;172;Vruchten/groenten/noten/zaden bereid/verwerkt
Plantenpasta, erwteneiwit en paddenstoel;Fruit/groente producten;17;8;3;24;26;0;78;Vruchten/groenten/noten/zaden bereid/verwerkt
Jalapenos;Fruit/groente producten;47;3;21;22;60;1;154;Vruchten/groenten/noten/zaden bereid/verwerkt
Veganistische vleeswaren;Fruit/groente producten;119;37;61;2;14;0;234;Vruchten/groenten/noten/zaden bereid/verwerkt
Meloen, honingdauw, rauw;Vruchten;10;2;0;0;58;1;71;Fruit - onbereid/onbewerkt (vers)
Aardbei, rauw;Vruchten;15;6;0;14;20;1;56;Fruit - onbereid/onbewerkt (vers)
Framboos, rauw;Vruchten;27;11;0;14;31;1;84;Fruit - onbereid/onbewerkt (vers)
Bes, zwart, rauw;Vruchten;25;8;0;14;5;1;53;Fruit - onbereid/onbewerkt (vers)
Bosbessen, rauw;Vruchten;176;94;0;14;5;1;291;Fruit - onbereid/onbewerkt (vers)
Braambes, rauw;Vruchten;31;14;0;14;30;1;91;Fruit - onbereid/onbewerkt (vers)
Rozenbottel, rauw;Vruchten;19;3;0;14;27;1;65;Fruit - onbereid/onbewerkt (vers)
Vlierbes, rauw;Vruchten;31;14;0;14;30;1;91;Fruit - onbereid/onbewerkt (vers)
Bes, rood, rauw;Vruchten;25;8;0;14;5;1;53;Fruit - onbereid/onbewerkt (vers)
Kruisbes, rauw;Vruchten;21;9;0;14;40;1;85;Fruit - onbereid/onbewerkt (vers)
Amerikaanse veenbes, ruw;Vruchten;15;3;0;14;54;1;87;Fruit - onbereid/onbewerkt (vers)
Pruim, rauw;Vruchten;27;10;0;14;5;1;58;Fruit - onbereid/onbewerkt (vers)
Kers, rauw;Vruchten;26;7;0;14;26;1;75;Fruit - onbereid/onbewerkt (vers)
Abrikoos, rauw;Vruchten;17;5;0;14;67;1;105;Fruit - onbereid/onbewerkt (vers)
Perzik, rauw;Vruchten;11;3;0;14;67;1;96;Fruit - onbereid/onbewerkt (vers)
Nectarine, rauw;Vruchten;11;3;0;14;67;1;96;Fruit - onbereid/onbewerkt (vers)
Avocado, rauw;Vruchten;32;6;0;14;54;1;107;Fruit - onbereid/onbewerkt (vers)
Bananen;Vruchten;21;2;0;14;60;1;98;Fruit - onbereid/onbewerkt (vers)
Citroen, rauw;Vruchten;9;3;0;14;68;1;94;Fruit - onbereid/onbewerkt (vers)
Watermeloen, rauw;Vruchten;3;1;0;0;73;1;78;Fruit - onbereid/onbewerkt (vers)
Sinaasappel, rauw;Vruchten;10;2;0;6;61;1;81;Fruit - onbereid/onbewerkt (vers)
Limoen, rauw;Vruchten;9;3;0;6;68;1;87;Fruit - onbereid/onbewerkt (vers)
Ananas, rauw;Vruchten;9;2;0;0;52;1;65;Fruit - onbereid/onbewerkt (vers)
Mango, rauw;Vruchten;18;6;0;14;54;1;93;Fruit - onbereid/onbewerkt (vers)
Grapefruit, rauw;Vruchten;9;2;0;14;59;1;86;Fruit - onbereid/onbewerkt (vers)
Mandarijn, rauw;Vruchten;8;2;0;14;71;1;97;Fruit - onbereid/onbewerkt (vers)
Kiwi's, rauw;Vruchten;16;3;0;14;59;1;93;Fruit - onbereid/onbewerkt (vers)
Rundvlees, bovenzijde, dop eraf, rauw;Vlees/gevogelte;3965;768;-241;14;63;0;4569;Vlees/gevogelte/andere dieren
Rundvlees, filet, ontvet, rauw;Vlees/gevogelte;13345;2585;-811;14;63;0;15195;Vlees/gevogelte/andere dieren
Rundvlees, gehakt, 10-15% vet, rauw;Vlees/gevogelte;2858;546;-178;14;12;0;3251;Vlees/gevogelte/andere dieren
Rundvlees, rump, rauw;Vlees/gevogelte;3965;768;-241;14;63;0;4569;Vlees/gevogelte/andere dieren
Rundvlees, gehakt, 15-20% vet, rauw;Vlees/gevogelte;2690;516;-147;14;12;0;3084;Vlees/gevogelte/andere dieren
Rundvlees, T-bone steak, rauw;Vlees/gevogelte;7072;1370;-430;14;63;0;8089;Vlees/gevogelte/andere dieren
Rundvlees, gehakt, 5-10% vet, rauw;Vlees/gevogelte;3026;575;-209;14;12;0;3419;Vlees/gevogelte/andere dieren
Spek, braden, rauw;Vlees/gevogelte;389;68;-30;14;39;0;480;Vlees/gevogelte/andere dieren
Worst, salami;Vlees/gevogelte;268;60;160;2;15;1;506;Vlees/gevogelte/andere dieren
Varkensvlees, ham, gekookt, gesneden;Vlees/gevogelte;250;43;32;2;10;0;338;Vlees/gevogelte/andere dieren
Rosbief, gesneden;Vlees/gevogelte;3965;768;-162;2;11;0;4584;Vlees/gevogelte/andere dieren
Varkensvlees, worst, Deens, rauw;Vlees/gevogelte;157;27;13;14;10;0;221;Vlees/gevogelte/andere dieren
Varkensvlees, leverpasta, Deens;Vlees/gevogelte;168;31;22;118;13;0;351;Vlees/gevogelte/andere dieren
Varkensvlees, flank, gekruid, gekookt;Vlees/gevogelte;250;43;32;2;10;0;338;Vlees/gevogelte/andere dieren
Varkensworst, Thüringer braadworst;Vlees/gevogelte;114;20;37;2;9;0;181;Vlees/gevogelte/andere dieren
Kip, borst, gekookt, gesneden;Vlees/gevogelte;233;62;17;2;10;0;325;Vlees/gevogelte/andere dieren
Kip, poot, vlees en vel, rauw;Vlees/gevogelte;93;25;-3;14;10;0;139;Vlees/gevogelte/andere dieren
Kip, drumstick, vlees en vel, rauw;Vlees/gevogelte;88;24;-3;14;10;0;132;Vlees/gevogelte/andere dieren
Kip, borst, vlees en vel, rauw;Vlees/gevogelte;259;69;-9;14;11;0;344;Vlees/gevogelte/andere dieren
Kippen worst;Vlees/gevogelte;83;21;28;2;9;0;144;Vlees/gevogelte/andere dieren
Kip, kip, vlees en vel, rauw;Vlees/gevogelte;160;43;-6;14;11;0;222;Vlees/gevogelte/andere dieren
Lamsvlees, flank, gekruid, gekookt;Vlees/gevogelte;2272;589;-399;2;10;0;2475;Vlees/gevogelte/andere dieren
Worst, rundersalami;Vlees/gevogelte;2801;556;38;2;14;1;3411;Vlees/gevogelte/andere dieren
Varkensvlees, zadel, gerookt, gekookt;Vlees/gevogelte;250;43;32;2;10;0;338;Vlees/gevogelte/andere dieren
Eend, alleen vlees, rauw;Vlees/gevogelte;160;43;0;14;11;0;227;Vlees/gevogelte/andere dieren
Gans, alleen vlees, rauw;Vlees/gevogelte;160;43;0;14;11;0;227;Vlees/gevogelte/andere dieren
Haas, rauw;Vlees/gevogelte;160;43;0;14;11;0;227;Vlees/gevogelte/andere dieren
Konijn, alleen vlees, rauw;Vlees/gevogelte;160;43;0;14;11;0;227;Vlees/gevogelte/andere dieren
Fazant, vlees en huid, rauw;Vlees/gevogelte;160;43;0;14;11;0;227;Vlees/gevogelte/andere dieren
Squab (duif), rauw;Vlees/gevogelte;160;43;0;14;11;0;227;Vlees/gevogelte/andere dieren
Gehaktballen, gemiddelde waarden;Vlees/gevogelte;907;174;-16;63;12;1;1142;Vlees/gevogelte/andere dieren
Kalfs- en varkensvlees, gehakt, 15-20% vet, rauw;Vlees/gevogelte;1288;247;-35;14;11;0;1526;Vlees/gevogelte/andere dieren
Varkensvlees, kraag met zwoerd, rauw;Vlees/gevogelte;278;48;-22;14;39;0;358;Vlees/gevogelte/andere dieren
Varkensvlees, ham, bovenbil (M. Semimembranosus), mager, rauw;Vlees/gevogelte;278;48;-22;14;39;0;358;Vlees/gevogelte/andere dieren
Varkensvlees, lendenen, mager, rauw;Vlees/gevogelte;333;58;-26;14;39;0;419;Vlees/gevogelte/andere dieren
Varkensvlees, ossenhaas, getrimd, rauw;Vlees/gevogelte;445;77;-35;14;39;0;540;Vlees/gevogelte/andere dieren
Varkensvlees, gehakt, 5-10% vet, rauw;Vlees/gevogelte;250;39;-25;14;12;0;290;Vlees/gevogelte/andere dieren
Varkensvlees, kraag, ontvet, rauw;Vlees/gevogelte;322;50;-41;14;12;0;357;Vlees/gevogelte/andere dieren
Varkensvlees, gehakt, 15-20% vet, rauw;Vlees/gevogelte;222;39;-17;14;39;0;297;Vlees/gevogelte/andere dieren
Gehakt, type spaghettisaus, gemiddelde waarden, kant-en-klaarmaaltijden;Vlees/gevogelte;1105;219;-25;64;10;0;1374;Vlees/gevogelte/andere dieren
Schildpad, nep, gemiddelde waarden, kant-en-klaarmaaltijden;Vlees/gevogelte;1490;294;-10;63;10;1;1849;Vlees/gevogelte/andere dieren
Varkensvlees in kerriesaus, diepvries, kant-en-klaarmaaltijden;Vlees/gevogelte;234;46;14;64;21;3;382;Vlees/gevogelte/andere dieren
Lever, varken, in roomsaus, diepvries, kant-en-klaarmaaltijden;Vlees/gevogelte;89;28;95;64;11;3;290;Vlees/gevogelte/andere dieren
Varkensvlees, gehakt en gebonden met bloem en ei, gekookt, diepvries, kant-en-klaarmaaltijden;Vlees/gevogelte;92;19;19;64;11;3;208;Vlees/gevogelte/andere dieren
Lam, poot, niet gespecificeerd, rauw;Vlees/gevogelte;2535;658;-512;14;48;0;2743;Vlees/gevogelte/andere dieren
Lamsvlees, vlees, gemiddelde waarden, rauw;Vlees/gevogelte;2535;658;-512;14;48;0;2743;Vlees/gevogelte/andere dieren
Kalkoen, borst, gekookt/gerookt, gesneden;Vlees/gevogelte;216;54;19;2;10;0;302;Vlees/gevogelte/andere dieren
Kalkoen, alleen vlees, rauw;Vlees/gevogelte;240;61;-11;14;14;0;318;Vlees/gevogelte/andere dieren
Kalkoen, gehakt, 5-10% vet, rauw;Vlees/gevogelte;224;60;26;14;11;0;334;Vlees/gevogelte/andere dieren
Kalfsvlees, half vet, rauw;Vlees/gevogelte;4377;848;-266;14;63;0;5036;Vlees/gevogelte/andere dieren
Cocktail worstjes;Vlees/gevogelte;114;20;37;2;9;0;181;Vlees/gevogelte/andere dieren
Kippengehakt;Vlees/gevogelte;296;73;-22;14;16;0;376;Vlees/gevogelte/andere dieren
Gehaktballen;Vlees/gevogelte;197;35;28;26;11;3;300;Vlees/gevogelte/andere dieren
Kebab;Vlees/gevogelte;3138;609;-136;26;10;3;3649;Vlees/gevogelte/andere dieren
Pepperoni;Vlees/gevogelte;268;60;160;2;15;1;506;Vlees/gevogelte/andere dieren
Kip, geheel;Vlees/gevogelte;160;43;-6;14;11;0;222;Vlees/gevogelte/andere dieren
Chorizo, gesneden;Vlees/gevogelte;268;59;156;2;121;0;607;Vlees/gevogelte/andere dieren
Varkensvlees;Vlees/gevogelte;230;45;18;64;10;0;368;Vlees/gevogelte/andere dieren
Getrokken rundvlees;Vlees/gevogelte;3255;635;-142;64;10;0;3822;Vlees/gevogelte/andere dieren
 Rundvlees, vetarm;Vlees/gevogelte;3194;605;-240;14;13;0;3586;Vlees/gevogelte/andere dieren
Gegrilde worsten;Vlees/gevogelte;114;20;37;2;9;0;181;Vlees/gevogelte/andere dieren
Lamsgehakt;Vlees/gevogelte;2401;626;-422;14;11;0;2630;Vlees/gevogelte/andere dieren
Boter, zout toegevoegd;Melk/eieren/vervangende producten;12;34;316;24;7;0;392;Melk/boter/room/yoghurt/kaas/eieren/vervangers
Gemengde spread, 75% vet;Melk/eieren/vervangende producten;5;35;308;24;8;0;380;Melk/boter/room/yoghurt/kaas/eieren/vervangers
Yoghurt naturel, volle melk;Melk/eieren/vervangende producten;48;7;17;26;11;0;108;Melk/boter/room/yoghurt/kaas/eieren/vervangers
Room, gekweekt, 18 % vet;Melk/eieren/vervangende producten;36;15;114;26;11;0;202;Melk/boter/room/yoghurt/kaas/eieren/vervangers
Skyr, 0,2% vet;Melk/eieren/vervangende producten;103;6;-26;26;16;0;125;Melk/boter/room/yoghurt/kaas/eieren/vervangers
Kaas, stevig, Danbo, 45 % fidm.;Melk/eieren/vervangende producten;446;46;233;35;12;0;772;Melk/boter/room/yoghurt/kaas/eieren/vervangers
Kaas, hard, Parmezaanse kaas, 32 % fidm.;Melk/eieren/vervangende producten;446;46;233;35;12;0;772;Melk/boter/room/yoghurt/kaas/eieren/vervangers
Kaas, halfhard, Mozzarella, 30 % fidm.;Melk/eieren/vervangende producten;446;46;233;35;12;0;772;Melk/boter/room/yoghurt/kaas/eieren/vervangers
Eieren, kip, scharrelkippen (binnen), rauw;Melk/eieren/vervangende producten;41;14;0;24;5;1;85;Melk/boter/room/yoghurt/kaas/eieren/vervangers
Margarine, 70% vet, tafelgebruik, zacht, plantaardig vet;Melk/eieren/vervangende producten;0;32;231;24;5;0;293;Melk/boter/room/yoghurt/kaas/eieren/vervangers
Amandelmelk, onverrijkt;Melk/eieren/vervangende producten;274;54;6;8;8;1;352;Melk/boter/room/yoghurt/kaas/eieren/vervangers
Rijstmelk, met toegevoegd calcium;Melk/eieren/vervangende producten;9;-2;3;8;20;1;39;Melk/boter/room/yoghurt/kaas/eieren/vervangers
Havermelk, met toegevoegd calcium;Melk/eieren/vervangende producten;4;2;14;8;6;1;37;Melk/boter/room/yoghurt/kaas/eieren/vervangers
Sojamelk, met toegevoegd calcium;Melk/eieren/vervangende producten;5;3;10;8;11;1;38;Melk/boter/room/yoghurt/kaas/eieren/vervangers
Geitenmelk;Melk/eieren/vervangende producten;318;56;6;8;51;0;440;Melk/boter/room/yoghurt/kaas/eieren/vervangers
Kaas, halfhard, Feta, 40 % fidm;Melk/eieren/vervangende producten;267;15;-37;35;11;0;292;Melk/boter/room/yoghurt/kaas/eieren/vervangers
Kaas, Danish Blue, 50 % fidm.;Melk/eieren/vervangende producten;446;46;233;35;12;0;772;Melk/boter/room/yoghurt/kaas/eieren/vervangers
Kaas, Room, 60 % fidm.;Melk/eieren/vervangende producten;446;46;233;35;12;0;772;Melk/boter/room/yoghurt/kaas/eieren/vervangers
Kaas, Brie, 45 % fidm.;Melk/eieren/vervangende producten;267;15;-37;35;11;0;292;Melk/boter/room/yoghurt/kaas/eieren/vervangers
Kaas, cottage cheese, 20% fidm.;Melk/eieren/vervangende producten;267;15;-37;35;11;0;292;Melk/boter/room/yoghurt/kaas/eieren/vervangers
Volle melk, 3,5 % vet;Melk/eieren/vervangende producten;48;6;6;8;11;0;79;Melk/boter/room/yoghurt/kaas/eieren/vervangers
Melk, halfvolle, 1,5 % vet;Melk/eieren/vervangende producten;50;4;-13;8;11;0;61;Melk/boter/room/yoghurt/kaas/eieren/vervangers
Melk, magere, 0,5 % vet;Melk/eieren/vervangende producten;51;3;-26;8;11;0;48;Melk/boter/room/yoghurt/kaas/eieren/vervangers
Melk, magere, met chocolade (UHT);Melk/eieren/vervangende producten;55;6;-15;8;11;1;65;Melk/boter/room/yoghurt/kaas/eieren/vervangers
Room, slagroom, 38 % vet;Melk/eieren/vervangende producten;17;17;161;8;9;0;214;Melk/boter/room/yoghurt/kaas/eieren/vervangers
Veganistisch blok;Melk/eieren/vervangende producten;0;13;55;24;5;0;97;Melk/boter/room/yoghurt/kaas/eieren/vervangers
Erwten drankje;Melk/eieren/vervangende producten;6;3;23;10;6;1;48;Melk/boter/room/yoghurt/kaas/eieren/vervangers
Koude karnemelksoep;Melk/eieren/vervangende producten;58;4;9;13;11;1;97;Melk/boter/room/yoghurt/kaas/eieren/vervangers
Blauwe kaas;Melk/eieren/vervangende producten;267;15;-37;35;11;0;292;Melk/boter/room/yoghurt/kaas/eieren/vervangers
Geitenkaas;Melk/eieren/vervangende producten;267;15;-37;35;11;0;292;Melk/boter/room/yoghurt/kaas/eieren/vervangers
Veganistische kaas, geraspt of gesneden;Melk/eieren/vervangende producten;7;12;39;35;7;1;100;Melk/boter/room/yoghurt/kaas/eieren/vervangers
Zonnebloemolie;Oliën/vetten eetbaar;195;87;37;56;0;1;376;Oliën/vetten eetbaar
Olijfolie;Oliën/vetten eetbaar;181;64;1;56;79;1;383;Oliën/vetten eetbaar
Olie, raapzaad (geen erucazuur);Oliën/vetten eetbaar;246;47;33;56;0;1;384;Oliën/vetten eetbaar
magarine;Oliën/vetten eetbaar;0;32;231;24;5;0;293;Oliën/vetten eetbaar
Honing;Bereid/geconserveerd voedsel;14;1;15;41;6;1;77;Bereid/geconserveerd voedsel
IJs, zuivel, (op basis van volle melk);Bereid/geconserveerd voedsel;77;20;123;51;11;3;284;Bereid/geconserveerd voedsel
IJs, zuivel (op basis van room);Bereid/geconserveerd voedsel;77;20;123;51;11;3;284;Bereid/geconserveerd voedsel
IJs, ijslolly, limonade;Bereid/geconserveerd voedsel;26;1;28;51;7;3;115;Bereid/geconserveerd voedsel
Gehaktballetjes, ingeblikt;Bereid/geconserveerd voedsel;907;174;-16;63;12;1;1142;Bereid/geconserveerd voedsel
Dumplings, gemiddelde waarden;Bereid/geconserveerd voedsel;24;8;60;26;9;0;127;Bereid/geconserveerd voedsel
Gehaktballetjes, diepvries;Bereid/geconserveerd voedsel;907;174;-14;26;12;3;1108;Bereid/geconserveerd voedsel
Soep, tomaat, klaar om te eten;Bereid/geconserveerd voedsel;63;5;82;22;11;1;184;Bereid/geconserveerd voedsel
Knoedels, bevroren;Bereid/geconserveerd voedsel;24;8;62;26;9;3;131;Bereid/geconserveerd voedsel
Kip, gegrild, fastfood;Bereid/geconserveerd voedsel;176;49;7;118;12;0;361;Bereid/geconserveerd voedsel
Kipnuggets, gefrituurd, kant-en-klaarmaaltijden;Bereid/geconserveerd voedsel;167;43;74;26;11;3;324;Bereid/geconserveerd voedsel
Pasta, rauw;Bereid/geconserveerd voedsel;52;4;25;23;68;1;173;Bereid/geconserveerd voedsel
Loempia, diepvries, kant-en-klaarmaaltijden;Bereid/geconserveerd voedsel;22;11;90;64;11;0;199;Bereid/geconserveerd voedsel
Loempia, gefrituurd, kant-en-klaarmaaltijden;Bereid/geconserveerd voedsel;22;11;90;64;11;0;199;Bereid/geconserveerd voedsel
Pop corn, olie en zout toegevoegd, traditioneel;Bereid/geconserveerd voedsel;18;12;57;26;11;1;125;Bereid/geconserveerd voedsel
Pindakaas;Bereid/geconserveerd voedsel;49;43;139;42;11;1;285;Bereid/geconserveerd voedsel
Aardappelchips, grof;Bereid/geconserveerd voedsel;59;16;303;26;12;1;417;Bereid/geconserveerd voedsel
Tofu, sojaboon curd;Bereid/geconserveerd voedsel;18;11;91;26;25;0;171;Bereid/geconserveerd voedsel
Chips;Bereid/geconserveerd voedsel;59;16;303;26;12;1;417;Bereid/geconserveerd voedsel
Lasagne, rundvlees, kant-en-klaarmaaltijden;Bereid/geconserveerd voedsel;668;131;1;64;21;0;885;Bereid/geconserveerd voedsel
Lasagne, vegetarisch, kant-en-klaarmaaltijden;Bereid/geconserveerd voedsel;46;10;30;64;24;0;174;Bereid/geconserveerd voedsel
Daal, kant-en-klaarmaaltijden;Bereid/geconserveerd voedsel;40;16;42;64;22;0;185;Bereid/geconserveerd voedsel
Sushi, kant-en-klaarmaaltijden;Bereid/geconserveerd voedsel;19;26;124;64;18;0;251;Bereid/geconserveerd voedsel
Verse pasta, fettucine-spinazie;Bereid/geconserveerd voedsel;44;5;22;23;14;0;108;Bereid/geconserveerd voedsel
Eier salade;Bereid/geconserveerd voedsel;36;17;62;24;11;0;151;Bereid/geconserveerd voedsel
Lasagne, veganistisch, kant-en-klaarmaaltijden;Bereid/geconserveerd voedsel;30;9;31;64;24;0;159;Bereid/geconserveerd voedsel
Pannenkoeken, kant-en-klaarmaaltijden;Bereid/geconserveerd voedsel;75;16;50;67;13;1;221;Bereid/geconserveerd voedsel
Knoflookbaguette, diepvries;Bereid/geconserveerd voedsel;33;9;59;4;10;3;118;Bereid/geconserveerd voedsel
Kop noedels kip;Bereid/geconserveerd voedsel;53;5;91;26;11;1;187;Bereid/geconserveerd voedsel
Thaise maaltijd panang kerrie kip;Bereid/geconserveerd voedsel;96;36;18;64;18;0;233;Bereid/geconserveerd voedsel
Tortillachips, kaas;Bereid/geconserveerd voedsel;34;7;110;26;11;1;190;Bereid/geconserveerd voedsel
Rucolasalade, afgespoeld;Bereid/geconserveerd voedsel;13;3;0;26;5;0;48;Bereid/geconserveerd voedsel
Gevulde verse pasta;Bereid/geconserveerd voedsel;76;11;93;23;11;0;214;Bereid/geconserveerd voedsel
Aardappelstamppot, rundvlees, kant-en-klaarmaaltijden;Bereid/geconserveerd voedsel;1042;204;37;26;8;3;1321;Bereid/geconserveerd voedsel
Aardappelstamppot, gemengd vlees, kant-en-klaarmaaltijden;Bereid/geconserveerd voedsel;609;123;170;26;11;3;942;Bereid/geconserveerd voedsel
Loempia's, groenten, kant-en-klaarmaaltijden;Bereid/geconserveerd voedsel;22;11;90;64;11;0;199;Bereid/geconserveerd voedsel
Loempia's, kip, kant-en-klaarmaaltijden;Bereid/geconserveerd voedsel;47;15;85;64;11;3;224;Bereid/geconserveerd voedsel
Loempia's, rundvlees, kant-en-klaarmaaltijden;Bereid/geconserveerd voedsel;216;45;73;64;12;3;414;Bereid/geconserveerd voedsel
Gehaktballetjes in kerrie met rijst en kerriesaus, kant-en-klaarmaaltijden;Bereid/geconserveerd voedsel;59;18;35;64;14;3;194;Bereid/geconserveerd voedsel
Preipastei met spek, kant-en-klaarmaaltijden;Bereid/geconserveerd voedsel;56;13;43;21;11;3;146;Bereid/geconserveerd voedsel
Croque monsieur, kant-en-klaarmaaltijden;Bereid/geconserveerd voedsel;131;13;6;26;11;0;187;Bereid/geconserveerd voedsel
Chili kaas topjes;Bereid/geconserveerd voedsel;132;10;4;24;15;3;187;Bereid/geconserveerd voedsel
Mozarella-sticks;Bereid/geconserveerd voedsel;267;15;-37;35;11;0;292;Bereid/geconserveerd voedsel
Chili con carne, kant-en-klaarmaaltijden;Bereid/geconserveerd voedsel;1696;331;-66;118;27;0;2107;Bereid/geconserveerd voedsel
Vegan balletjes, op basis van soja;Bereid/geconserveerd voedsel;2;20;28;26;7;3;86;Bereid/geconserveerd voedsel
Vegan schnitzels, op basis van soja;Bereid/geconserveerd voedsel;10;23;109;26;7;3;178;Bereid/geconserveerd voedsel
Veganistische burgers, op basis van soja;Bereid/geconserveerd voedsel;4;19;26;26;7;3;85;Bereid/geconserveerd voedsel
Veganistisch gehakt, op basis van erwten;Bereid/geconserveerd voedsel;15;15;9;14;7;0;61;Bereid/geconserveerd voedsel
Vegan worstjes, op basis van soja;Bereid/geconserveerd voedsel;3;20;104;26;7;3;163;Bereid/geconserveerd voedsel
Vegan nuggets, op basis van soja;Bereid/geconserveerd voedsel;11;25;95;64;8;3;205;Bereid/geconserveerd voedsel
Veganistische geplukte bonen;Bereid/geconserveerd voedsel;1;35;109;64;8;3;221;Bereid/geconserveerd voedsel
Veganistische chorizo;Bereid/geconserveerd voedsel;4;26;81;64;7;3;184;Bereid/geconserveerd voedsel
Rijst noedels;Bereid/geconserveerd voedsel;40;16;50;23;11;1;141;Bereid/geconserveerd voedsel
Taco schelpen;Bereid/geconserveerd voedsel;28;7;109;26;11;1;181;Bereid/geconserveerd voedsel
Noedels, eieren;Bereid/geconserveerd voedsel;52;5;23;23;11;1;115;Bereid/geconserveerd voedsel
Veganistisch ijs, haver;Bereid/geconserveerd voedsel;42;21;25;51;11;3;153;Bereid/geconserveerd voedsel
Champignonburger;Bereid/geconserveerd voedsel;5;24;45;64;8;0;147;Bereid/geconserveerd voedsel
Veganistisch spek;Bereid/geconserveerd voedsel;3;25;-24;14;6;0;25;Bereid/geconserveerd voedsel
Stukjes vegan filet;Bereid/geconserveerd voedsel;1;30;100;64;7;3;204;Bereid/geconserveerd voedsel
Falafel gehakt;Bereid/geconserveerd voedsel;36;20;24;64;24;0;168;Bereid/geconserveerd voedsel
Samosa, vegetarische vorst;Bereid/geconserveerd voedsel;29;9;40;24;13;3;117;Bereid/geconserveerd voedsel
Haring, gebeitst, ingeblikt;Zeevruchten;11;22;176;64;10;0;283;Zeevruchten
Visballetjes, ingeblikt;Zeevruchten;7;56;438;63;9;1;574;Zeevruchten
Vispudding, rauw;Zeevruchten;10;86;629;64;11;0;800;Zeevruchten
Kabeljauw, lever, ingeblikt;Zeevruchten;0;141;864;655;11;1;1672;Zeevruchten
Kabeljauw, ree, ingeblikt;Zeevruchten;0;104;864;156;11;1;1136;Zeevruchten
Garnalen, ingeblikt;Zeevruchten;0;194;827;156;11;1;1189;Zeevruchten
Kabeljauw, filet, gepaneerd, rauw;Zeevruchten;18;66;542;26;11;0;663;Zeevruchten
Kaviaar, Deens (kuit, klontzuiger);Zeevruchten;0;105;869;147;11;1;1133;Zeevruchten
Viscake, gebakken;Zeevruchten;13;113;824;64;13;0;1028;Zeevruchten
Kabeljauw, lever, gerookt;Zeevruchten;0;129;1091;14;19;0;1254;Zeevruchten
Kabeljauw, lever, rauw;Zeevruchten;0;103;864;14;11;0;992;Zeevruchten
Kreeft, ingeblikt;Zeevruchten;0;173;636;156;19;1;985;Zeevruchten
Mosselen, in water, ingeblikt;Zeevruchten;0;1;8;156;11;1;177;Zeevruchten
Tonijn, in tomatensaus, ingeblikt;Zeevruchten;15;72;698;118;11;1;915;Zeevruchten
Kabeljauw, ree, rauw;Zeevruchten;0;105;864;147;11;0;1127;Zeevruchten
Krabscharen, vlees, rauw;Zeevruchten;0;188;1253;8;19;0;1468;Zeevruchten
Kaviaar, gemaakt van loddekuit;Zeevruchten;0;105;869;147;11;0;1132;Zeevruchten
Tonijn, in water, ingeblikt;Zeevruchten;23;59;343;118;16;1;560;Zeevruchten
Heilbot, groenland, gerookt;Zeevruchten;0;138;988;14;19;0;1159;Zeevruchten
Visfilet, gepaneerd, gefrituurd;Zeevruchten;21;75;618;26;12;0;751;Zeevruchten
Vissticks, gepaneerd, diepvries;Zeevruchten;18;69;535;24;11;3;659;Zeevruchten
Kwabaal, rauw;Zeevruchten;34;152;1033;14;20;0;1254;Zeevruchten
Baars, rauw;Zeevruchten;19;82;1254;14;15;0;1384;Zeevruchten
Snoekbaars, rauw;Zeevruchten;11;86;605;14;15;0;732;Zeevruchten
Snoek, rauw;Zeevruchten;11;86;702;14;15;0;828;Zeevruchten
Brasem, rauw;Zeevruchten;69;124;1451;14;21;0;1678;Zeevruchten
Charr, rauw;Zeevruchten;34;155;1012;14;16;0;1231;Zeevruchten
Forel, rauw;Zeevruchten;0;119;122;14;16;0;272;Zeevruchten
Witvis, rauw;Zeevruchten;34;152;1033;14;20;0;1254;Zeevruchten
Geep, rauw;Zeevruchten;0;105;831;14;20;0;970;Zeevruchten
Zalm, Atlantische Oceaan, wild, rauw;Zeevruchten;0;110;806;14;16;0;946;Zeevruchten
Makreel, rauw;Zeevruchten;0;111;771;14;16;0;912;Zeevruchten
Schol, rauw;Zeevruchten;0;103;848;14;22;0;987;Zeevruchten
Haringen, rauw;Zeevruchten;0;109;794;14;17;0;934;Zeevruchten
Koolvis, rauw;Zeevruchten;0;103;848;14;22;0;987;Zeevruchten
Kabeljauw, filet, rauw;Zeevruchten;0;103;848;14;22;0;987;Zeevruchten
Schol, filet, gepaneerd, dybfrost;Zeevruchten;18;66;542;26;11;3;666;Zeevruchten
Koolvis (VK), koolvis (VS), filet, diepgevroren;Zeevruchten;0;104;836;14;21;3;978;Zeevruchten
Tonijn, rauw;Zeevruchten;0;100;875;14;24;0;1014;Zeevruchten
Zalm, Atlantische Oceaan, aquacultuur, koud gerookt;Zeevruchten;0;138;988;14;49;0;1189;Zeevruchten
Zalm, Atlantische Oceaan, aquacultuur, warm gerookt;Zeevruchten;0;138;1019;14;49;0;1220;Zeevruchten
Zalm, Atlantische Oceaan, aquacultuur, rauw;Zeevruchten;0;110;771;14;16;0;911;Zeevruchten
Oester, rauw;Zeevruchten;0;1;45;8;60;0;113;Zeevruchten
Mossel, rauw;Zeevruchten;0;0;8;8;5;0;22;Zeevruchten
Octopus, rauw;Zeevruchten;0;1;8;26;11;0;46;Zeevruchten
Rivierkreeft, ruw;Zeevruchten;0;69;194;26;66;0;355;Zeevruchten
Garnalen, gekookt, schelp verwijderd;Zeevruchten;0;194;810;26;22;0;1052;Zeevruchten
Kreeft, rauw;Zeevruchten;0;69;194;26;66;0;355;Zeevruchten
Krab, gekookt;Zeevruchten;0;75;501;8;5;0;590;Zeevruchten
Garnaal, gigantische tijger, aquacultuur, gekookt, bevroren;Zeevruchten;0;172;1042;8;19;3;1243;Zeevruchten
Garnalen, gekookt, in pekel;Zeevruchten;0;194;810;26;22;0;1052;Zeevruchten
Saladedressing, olie en azijn;Kruiderijen/conserveringsmiddelen/extracten;10;30;307;42;11;1;402;Kruiderijen/conserveringsmiddelen/extracten
Saladedressing, duizend eiland;Kruiderijen/conserveringsmiddelen/extracten;16;52;363;42;12;1;486;Kruiderijen/conserveringsmiddelen/extracten
Makreel mayonaise salade;Kruiderijen/conserveringsmiddelen/extracten;13;40;331;24;10;0;418;Kruiderijen/conserveringsmiddelen/extracten
Saus gravad lax;Kruiderijen/conserveringsmiddelen/extracten;27;18;85;64;10;0;203;Kruiderijen/conserveringsmiddelen/extracten
Italiaanse mayonaisesalade;Kruiderijen/conserveringsmiddelen/extracten;11;37;236;64;6;1;355;Kruiderijen/conserveringsmiddelen/extracten
Curry mayonaise salade;Kruiderijen/conserveringsmiddelen/extracten;11;37;236;64;6;1;355;Kruiderijen/conserveringsmiddelen/extracten
Olijven, groen, gebeitst, ingeblikt;Kruiderijen/conserveringsmiddelen/extracten;53;13;22;51;29;1;169;Kruiderijen/conserveringsmiddelen/extracten
Olijven, zwart, zonder pit, in pekel;Kruiderijen/conserveringsmiddelen/extracten;53;13;22;51;29;1;169;Kruiderijen/conserveringsmiddelen/extracten
Azijn;Kruiderijen/conserveringsmiddelen/extracten;31;7;102;41;11;1;193;Kruiderijen/conserveringsmiddelen/extracten
Zout, lijst;Kruiderijen/conserveringsmiddelen/extracten;0;2;21;20;0;1;44;Kruiderijen/conserveringsmiddelen/extracten
Mayonaise, vetarm;Kruiderijen/conserveringsmiddelen/extracten;10;3;38;64;6;1;122;Kruiderijen/conserveringsmiddelen/extracten
Mayonaise;Kruiderijen/conserveringsmiddelen/extracten;11;37;236;64;6;1;355;Kruiderijen/conserveringsmiddelen/extracten
Remoulade, gemiddelde waarden;Kruiderijen/conserveringsmiddelen/extracten;22;16;87;42;20;1;188;Kruiderijen/conserveringsmiddelen/extracten
Bouillon, kip, bereid;Kruiderijen/conserveringsmiddelen/extracten;1;1;16;13;6;1;38;Kruiderijen/conserveringsmiddelen/extracten
Bouillon, rundvlees, bereid;Kruiderijen/conserveringsmiddelen/extracten;12;4;16;13;6;1;52;Kruiderijen/conserveringsmiddelen/extracten
Bouillon, rundvlees, geconcentreerd, kubus;Kruiderijen/conserveringsmiddelen/extracten;498;99;81;41;7;1;726;Kruiderijen/conserveringsmiddelen/extracten
Peper, zwart;Kruiderijen/conserveringsmiddelen/extracten;77;27;0;272;54;1;430;Kruiderijen/conserveringsmiddelen/extracten
Mosterd, geel, kant en klaar;Kruiderijen/conserveringsmiddelen/extracten;20;12;47;78;17;1;176;Kruiderijen/conserveringsmiddelen/extracten
kerrie poeder;Kruiderijen/conserveringsmiddelen/extracten;146;35;5;272;11;1;470;Kruiderijen/conserveringsmiddelen/extracten
Tomatenketchup, gebotteld;Kruiderijen/conserveringsmiddelen/extracten;42;4;102;42;11;1;201;Kruiderijen/conserveringsmiddelen/extracten
Soja saus;Kruiderijen/conserveringsmiddelen/extracten;20;-1;27;85;18;1;149;Kruiderijen/conserveringsmiddelen/extracten
Saus, barbecue;Kruiderijen/conserveringsmiddelen/extracten;51;4;110;42;10;1;218;Kruiderijen/conserveringsmiddelen/extracten
Pesto;Kruiderijen/conserveringsmiddelen/extracten;63;78;138;64;39;1;383;Kruiderijen/conserveringsmiddelen/extracten
Tonijnsalade;Kruiderijen/conserveringsmiddelen/extracten;7;42;364;24;12;0;450;Kruiderijen/conserveringsmiddelen/extracten
Humus, klaar;Kruiderijen/conserveringsmiddelen/extracten;53;29;16;24;28;0;150;Kruiderijen/conserveringsmiddelen/extracten
Tahin, sesampasta;Kruiderijen/conserveringsmiddelen/extracten;157;111;64;64;11;1;408;Kruiderijen/conserveringsmiddelen/extracten
Ajvar, genieten;Kruiderijen/conserveringsmiddelen/extracten;55;15;33;64;81;1;249;Kruiderijen/conserveringsmiddelen/extracten
Mangochutney;Kruiderijen/conserveringsmiddelen/extracten;87;4;71;64;62;1;290;Kruiderijen/conserveringsmiddelen/extracten
Groene currypasta;Kruiderijen/conserveringsmiddelen/extracten;27;6;53;78;31;1;197;Kruiderijen/conserveringsmiddelen/extracten
Veganistische mayonaise;Kruiderijen/conserveringsmiddelen/extracten;8;29;196;64;9;1;307;Kruiderijen/conserveringsmiddelen/extracten
Chilisaus;Kruiderijen/conserveringsmiddelen/extracten;48;0;38;64;31;1;182;Kruiderijen/conserveringsmiddelen/extracten
Basilicum, gedroogd;Kruiderijen/conserveringsmiddelen/extracten;91;13;0;272;68;1;444;Kruiderijen/conserveringsmiddelen/extracten
Linzen, gekiemd, rauw;Groenten;85;32;0;14;39;1;170;Groenten
Peper, zoet, rood, rauw;Groenten;25;3;0;14;58;1;102;Groenten
Tomaat, rijp, rauw, herkomst onbekend;Groenten;7;1;0;14;48;1;70;Groenten
Pompoen, rauw;Groenten;14;4;0;6;58;1;83;Groenten
Aubergine, rauw;Groenten;16;2;0;14;65;1;97;Groenten
Tomaat, gedroogd;Groenten;91;9;0;26;68;1;195;Groenten
Pompoen, rauw;Groenten;14;4;0;6;58;1;83;Groenten
Komkommer, rauw;Groenten;5;1;0;14;35;1;56;Groenten
Augurk komkommer, rauw;Groenten;5;1;0;14;35;1;56;Groenten
Peper, hete chili, rauw;Groenten;25;3;0;14;58;1;102;Groenten
Peterselie, rauw;Groenten;13;3;0;14;5;1;37;Groenten
Dille, rauw;Groenten;13;3;0;14;5;1;37;Groenten
Knoflook, rauw;Groenten;51;5;0;6;69;1;133;Groenten
Bieslook, rauw;Groenten;16;4;0;6;5;1;32;Groenten
Tuinkers, tuin, rauw;Groenten;13;3;0;14;5;1;37;Groenten
Rabarber, rauw;Groenten;13;3;0;6;5;1;30;Groenten
Selderij, rauw;Groenten;13;3;0;6;5;1;30;Groenten
Bloemkool, alle soorten, rauw;Groenten;15;4;0;6;44;1;71;Groenten
Broccoli, rauw;Groenten;15;4;0;6;44;1;71;Groenten
Boerenkool, rauw;Groenten;10;2;0;6;5;1;25;Groenten
Kool, wit, rauw;Groenten;10;2;0;6;5;1;25;Groenten
Spruitjes, rauw;Groenten;10;2;0;6;5;1;25;Groenten
Kool, rood, rauw;Groenten;10;2;0;6;5;1;25;Groenten
Kool, lente, rauw;Groenten;10;2;0;6;5;1;25;Groenten
Spinazie, rauw;Groenten;12;3;0;6;29;1;52;Groenten
Artisjok, rauw;Groenten;27;5;0;6;59;1;98;Groenten
Asperges, groen, rauw;Groenten;27;10;0;6;43;1;88;Groenten
Sla, ijsbergsla (incl. crisphead soorten), rauw;Groenten;8;2;0;6;41;1;59;Groenten
Sla, losbladige, rauw;Groenten;8;2;0;6;41;1;59;Groenten
Kool, Chinees, paksoi, rauw;Groenten;10;2;0;6;5;1;25;Groenten
Kool, savooiekool, rauw;Groenten;10;2;0;6;5;1;25;Groenten
Prei, rauw;Groenten;16;4;0;6;5;1;32;Groenten
Bonen, was, rauw;Groenten;20;4;0;14;65;1;104;Groenten
Erwten, groen, rauw;Groenten;36;12;0;6;11;1;67;Groenten
Bonen, groen, rauw;Groenten;20;4;0;14;65;1;104;Groenten
Suikererwt (peulen, peultjes) rauw;Groenten;36;12;0;14;11;1;74;Groenten
Erwten, groen, bevroren;Groenten;45;15;2;6;17;3;87;Groenten
Paddestoel, rauw;Groenten;1;1;0;26;19;0;47;Groenten
oesterzwam;Groenten;1;1;0;26;19;0;47;Groenten
Aardappel, rauw;Groenten;20;2;0;6;7;1;36;Groenten
Wortel, rauw;Groenten;11;2;0;6;5;1;25;Groenten
Radijs, rauw;Groenten;13;3;0;14;5;1;37;Groenten
Knolselderij, knolselderij, rauw;Groenten;13;3;0;6;5;1;30;Groenten
Gemberwortel, rauw;Groenten;97;5;0;14;69;1;185;Groenten
Venkel, wortel, rauw;Groenten;330;95;0;14;5;1;446;Groenten
Raap, rauw;Groenten;11;2;0;6;5;1;25;Groenten
Ui, rauw;Groenten;18;4;0;6;60;1;90;Groenten
Uien, lente, rauw;Groenten;18;4;0;6;60;1;90;Groenten
Cassave, rauw;Groenten;11;5;0;6;51;1;74;Groenten
Wortelpeterselie, rauw;Groenten;23;7;0;6;52;1;89;Groenten
Sperziebonen, vorst;Groenten;62;13;3;6;55;3;142;Groenten
Maïskolf;Groenten;21;7;0;14;5;1;49;Groenten
portabella paddestoel;Groenten;1;1;0;14;19;1;36;Groenten
rode ui;Groenten;18;4;0;6;60;1;90;Groenten
Basilicum, vers;Groenten;13;3;0;6;5;1;30;Groenten
Bieten, rood, rauw;Groenten;17;1;0;6;5;1;31;Groenten
